image_path,question,options,ground_truth
/mnt/abka03/xlvlm_data/coco_cc0_plus/val/orange/479596.jpg,What object is in this image?,"bottle, knife, orange, trafficlight",orange
/mnt/abka03/xlvlm_data/coco_cc0_plus/val/orange/217753.jpg,What object is in this image?,"dog, orange, sportsball, donut",orange
/mnt/abka03/xlvlm_data/coco_cc0_plus/val/orange/550471.jpg,What object is in this image?,"toilet, orange, baseballbat, cup",orange
/mnt/abka03/xlvlm_data/coco_cc0_plus/val/orange/409424.jpg,What object is in this image?,"orange, bottle, laptop, bird",orange
/mnt/abka03/xlvlm_data/coco_cc0_plus/val/orange/6614.jpg,What object is in this image?,"suitcase, zebra, bench, orange",orange
/mnt/abka03/xlvlm_data/coco_cc0_plus/val/orange/138115.jpg,What object is in this image?,"orange, dog, sheep, motorcycle",orange
/mnt/abka03/xlvlm_data/coco_cc0_plus/val/orange/376307.jpg,What object is in this image?,"orange, baseballbat, handbag, spoon",orange
/mnt/abka03/xlvlm_data/coco_cc0_plus/val/fork/417285.jpg,What object is in this image?,"skis, fork, cup, skateboard",fork
/mnt/abka03/xlvlm_data/coco_cc0_plus/val/fork/313034.jpg,What object is in this image?,"fork, sink, cat, vase",fork
/mnt/abka03/xlvlm_data/coco_cc0_plus/val/fork/568195.jpg,What object is in this image?,"fork, skateboard, motorcycle, train",fork
/mnt/abka03/xlvlm_data/coco_cc0_plus/val/fork/181796.jpg,What object is in this image?,"fork, teddybear, elephant, cow",fork
/mnt/abka03/xlvlm_data/coco_cc0_plus/val/fork/320664.jpg,What object is in this image?,"spoon, person, diningtable, fork",fork
/mnt/abka03/xlvlm_data/coco_cc0_plus/val/fork/550471.jpg,What object is in this image?,"zebra, fork, mouse, boat",fork
/mnt/abka03/xlvlm_data/coco_cc0_plus/val/fork/84241.jpg,What object is in this image?,"bench, laptop, fork, zebra",fork
/mnt/abka03/xlvlm_data/coco_cc0_plus/val/fork/163611.jpg,What object is in this image?,"clock, fork, skis, airplane",fork
/mnt/abka03/xlvlm_data/coco_cc0_plus/val/fork/530146.jpg,What object is in this image?,"trafficlight, fork, bowl, sportsball",fork
/mnt/abka03/xlvlm_data/coco_cc0_plus/val/cow/573626.jpg,What object is in this image?,"broccoli, kite, cow, baseballbat",cow
/mnt/abka03/xlvlm_data/coco_cc0_plus/val/cow/152740.jpg,What object is in this image?,"train, cow, apple, firehydrant",cow
/mnt/abka03/xlvlm_data/coco_cc0_plus/val/cow/137576.jpg,What object is in this image?,"cake, zebra, tennisracket, cow",cow
/mnt/abka03/xlvlm_data/coco_cc0_plus/val/cow/206135.jpg,What object is in this image?,"pizza, zebra, cow, kite",cow
/mnt/abka03/xlvlm_data/coco_cc0_plus/val/cow/258911.jpg,What object is in this image?,"baseballglove, bird, cow, cellphone",cow
/mnt/abka03/xlvlm_data/coco_cc0_plus/val/toilet/206411.jpg,What object is in this image?,"mouse, toilet, parkingmeter, sandwich",toilet
/mnt/abka03/xlvlm_data/coco_cc0_plus/val/toilet/309495.jpg,What object is in this image?,"couch, toilet, dog, horse",toilet
/mnt/abka03/xlvlm_data/coco_cc0_plus/val/toilet/53505.jpg,What object is in this image?,"keyboard, toilet, kite, spoon",toilet
/mnt/abka03/xlvlm_data/coco_cc0_plus/val/toilet/376310.jpg,What object is in this image?,"cake, clock, elephant, toilet",toilet
/mnt/abka03/xlvlm_data/coco_cc0_plus/val/toilet/62025.jpg,What object is in this image?,"sink, hotdog, cup, toilet",toilet
/mnt/abka03/xlvlm_data/coco_cc0_plus/val/clock/131431.jpg,What object is in this image?,"couch, diningtable, teddybear, clock",clock
/mnt/abka03/xlvlm_data/coco_cc0_plus/val/clock/60363.jpg,What object is in this image?,"airplane, skis, clock, diningtable",clock
/mnt/abka03/xlvlm_data/coco_cc0_plus/val/clock/313034.jpg,What object is in this image?,"clock, vase, bus, stopsign",clock
/mnt/abka03/xlvlm_data/coco_cc0_plus/val/clock/568195.jpg,What object is in this image?,"motorcycle, clock, bed, handbag",clock
/mnt/abka03/xlvlm_data/coco_cc0_plus/val/clock/294163.jpg,What object is in this image?,"clock, remote, tie, carrot",clock
/mnt/abka03/xlvlm_data/coco_cc0_plus/val/clock/88345.jpg,What object is in this image?,"clock, backpack, sandwich, dog",clock
/mnt/abka03/xlvlm_data/coco_cc0_plus/val/clock/95069.jpg,What object is in this image?,"mouse, clock, fork, cake",clock
/mnt/abka03/xlvlm_data/coco_cc0_plus/val/clock/415716.jpg,What object is in this image?,"boat, baseballglove, motorcycle, clock",clock
/mnt/abka03/xlvlm_data/coco_cc0_plus/val/clock/568584.jpg,What object is in this image?,"clock, suitcase, banana, zebra",clock
/mnt/abka03/xlvlm_data/coco_cc0_plus/val/clock/206135.jpg,What object is in this image?,"boat, orange, clock, spoon",clock
/mnt/abka03/xlvlm_data/coco_cc0_plus/val/clock/229659.jpg,What object is in this image?,"clock, hotdog, handbag, vase",clock
/mnt/abka03/xlvlm_data/coco_cc0_plus/val/clock/184762.jpg,What object is in this image?,"clock, bowl, handbag, refrigerator",clock
/mnt/abka03/xlvlm_data/coco_cc0_plus/val/cell_phone/492110.jpg,What object is in this image?,"baseballglove, pottedplant, sandwich, cellphone",cellphone
/mnt/abka03/xlvlm_data/coco_cc0_plus/val/cell_phone/497344.jpg,What object is in this image?,"baseballbat, bottle, cellphone, laptop",cellphone
/mnt/abka03/xlvlm_data/coco_cc0_plus/val/cell_phone/180878.jpg,What object is in this image?,"boat, motorcycle, cellphone, laptop",cellphone
/mnt/abka03/xlvlm_data/coco_cc0_plus/val/cell_phone/333402.jpg,What object is in this image?,"cellphone, broccoli, toilet, bench",cellphone
/mnt/abka03/xlvlm_data/coco_cc0_plus/val/cell_phone/73533.jpg,What object is in this image?,"cake, train, cellphone, truck",cellphone
/mnt/abka03/xlvlm_data/coco_cc0_plus/val/cell_phone/114049.jpg,What object is in this image?,"cellphone, baseballglove, elephant, cat",cellphone
/mnt/abka03/xlvlm_data/coco_cc0_plus/val/cell_phone/326970.jpg,What object is in this image?,"tennisracket, cellphone, cup, keyboard",cellphone
/mnt/abka03/xlvlm_data/coco_cc0_plus/val/cell_phone/316015.jpg,What object is in this image?,"cellphone, bus, teddybear, dog",cellphone
/mnt/abka03/xlvlm_data/coco_cc0_plus/val/hot_dog/320664.jpg,What object is in this image?,"hotdog, boat, skis, bus",hotdog
/mnt/abka03/xlvlm_data/coco_cc0_plus/val/hot_dog/9914.jpg,What object is in this image?,"cellphone, apple, bed, hotdog",hotdog
/mnt/abka03/xlvlm_data/coco_cc0_plus/val/kite/294695.jpg,What object is in this image?,"sink, kite, hotdog, fork",kite
/mnt/abka03/xlvlm_data/coco_cc0_plus/val/kite/208423.jpg,What object is in this image?,"fork, stopsign, zebra, kite",kite
/mnt/abka03/xlvlm_data/coco_cc0_plus/val/kite/143068.jpg,What object is in this image?,"refrigerator, kite, laptop, spoon",kite
/mnt/abka03/xlvlm_data/coco_cc0_plus/val/kite/47740.jpg,What object is in this image?,"kite, refrigerator, knife, mouse",kite
/mnt/abka03/xlvlm_data/coco_cc0_plus/val/kite/224675.jpg,What object is in this image?,"laptop, banana, bench, kite",kite
/mnt/abka03/xlvlm_data/coco_cc0_plus/val/kite/57760.jpg,What object is in this image?,"handbag, kite, wineglass, oven",kite
/mnt/abka03/xlvlm_data/coco_cc0_plus/val/truck/255917.jpg,What object is in this image?,"suitcase, truck, tie, bus",truck
/mnt/abka03/xlvlm_data/coco_cc0_plus/val/truck/110784.jpg,What object is in this image?,"sink, pottedplant, spoon, truck",truck
/mnt/abka03/xlvlm_data/coco_cc0_plus/val/truck/538458.jpg,What object is in this image?,"toilet, cellphone, vase, truck",truck
/mnt/abka03/xlvlm_data/coco_cc0_plus/val/truck/136715.jpg,What object is in this image?,"truck, tv, broccoli, sink",truck
/mnt/abka03/xlvlm_data/coco_cc0_plus/val/truck/396200.jpg,What object is in this image?,"truck, handbag, sportsball, firehydrant",truck
/mnt/abka03/xlvlm_data/coco_cc0_plus/val/truck/315450.jpg,What object is in this image?,"mouse, truck, kite, apple",truck
/mnt/abka03/xlvlm_data/coco_cc0_plus/val/truck/476704.jpg,What object is in this image?,"truck, wineglass, person, keyboard",truck
/mnt/abka03/xlvlm_data/coco_cc0_plus/val/truck/147725.jpg,What object is in this image?,"bottle, car, truck, cat",truck
/mnt/abka03/xlvlm_data/coco_cc0_plus/val/truck/336232.jpg,What object is in this image?,"truck, broccoli, remote, refrigerator",truck
/mnt/abka03/xlvlm_data/coco_cc0_plus/val/truck/281693.jpg,What object is in this image?,"fork, truck, parkingmeter, horse",truck
/mnt/abka03/xlvlm_data/coco_cc0_plus/val/truck/418696.jpg,What object is in this image?,"motorcycle, backpack, truck, broccoli",truck
/mnt/abka03/xlvlm_data/coco_cc0_plus/val/truck/169996.jpg,What object is in this image?,"truck, book, pottedplant, orange",truck
/mnt/abka03/xlvlm_data/coco_cc0_plus/val/truck/567197.jpg,What object is in this image?,"truck, dog, sink, umbrella",truck
/mnt/abka03/xlvlm_data/coco_cc0_plus/val/truck/579158.jpg,What object is in this image?,"toilet, handbag, truck, car",truck
/mnt/abka03/xlvlm_data/coco_cc0_plus/val/truck/519039.jpg,What object is in this image?,"parkingmeter, baseballglove, truck, elephant",truck
/mnt/abka03/xlvlm_data/coco_cc0_plus/val/truck/567640.jpg,What object is in this image?,"orange, boat, truck, suitcase",truck
/mnt/abka03/xlvlm_data/coco_cc0_plus/val/truck/174482.jpg,What object is in this image?,"wineglass, diningtable, hotdog, truck",truck
/mnt/abka03/xlvlm_data/coco_cc0_plus/val/car/255917.jpg,What object is in this image?,"cow, baseballbat, car, bowl",car
/mnt/abka03/xlvlm_data/coco_cc0_plus/val/car/86220.jpg,What object is in this image?,"skateboard, orange, car, suitcase",car
/mnt/abka03/xlvlm_data/coco_cc0_plus/val/car/561679.jpg,What object is in this image?,"sink, zebra, cat, car",car
/mnt/abka03/xlvlm_data/coco_cc0_plus/val/car/5037.jpg,What object is in this image?,"backpack, cup, bottle, car",car
/mnt/abka03/xlvlm_data/coco_cc0_plus/val/car/136715.jpg,What object is in this image?,"cat, sheep, handbag, car",car
/mnt/abka03/xlvlm_data/coco_cc0_plus/val/car/180878.jpg,What object is in this image?,"car, pizza, baseballglove, vase",car
/mnt/abka03/xlvlm_data/coco_cc0_plus/val/car/151962.jpg,What object is in this image?,"zebra, car, cake, bench",car
/mnt/abka03/xlvlm_data/coco_cc0_plus/val/car/208423.jpg,What object is in this image?,"sandwich, trafficlight, car, sportsball",car
/mnt/abka03/xlvlm_data/coco_cc0_plus/val/car/139099.jpg,What object is in this image?,"cup, cellphone, car, bird",car
/mnt/abka03/xlvlm_data/coco_cc0_plus/val/car/396200.jpg,What object is in this image?,"car, donut, laptop, spoon",car
/mnt/abka03/xlvlm_data/coco_cc0_plus/val/car/243867.jpg,What object is in this image?,"boat, horse, car, sheep",car
/mnt/abka03/xlvlm_data/coco_cc0_plus/val/car/315450.jpg,What object is in this image?,"apple, bus, car, donut",car
/mnt/abka03/xlvlm_data/coco_cc0_plus/val/car/476704.jpg,What object is in this image?,"cake, car, toilet, bed",car
/mnt/abka03/xlvlm_data/coco_cc0_plus/val/car/147725.jpg,What object is in this image?,"car, surfboard, couch, motorcycle",car
/mnt/abka03/xlvlm_data/coco_cc0_plus/val/car/418696.jpg,What object is in this image?,"sandwich, broccoli, donut, car",car
/mnt/abka03/xlvlm_data/coco_cc0_plus/val/car/169996.jpg,What object is in this image?,"pottedplant, car, firehydrant, wineglass",car
/mnt/abka03/xlvlm_data/coco_cc0_plus/val/car/212573.jpg,What object is in this image?,"car, airplane, baseballglove, book",car
/mnt/abka03/xlvlm_data/coco_cc0_plus/val/car/492077.jpg,What object is in this image?,"person, apple, couch, car",car
/mnt/abka03/xlvlm_data/coco_cc0_plus/val/car/322864.jpg,What object is in this image?,"car, surfboard, cake, diningtable",car
/mnt/abka03/xlvlm_data/coco_cc0_plus/val/car/567197.jpg,What object is in this image?,"surfboard, suitcase, car, remote",car
/mnt/abka03/xlvlm_data/coco_cc0_plus/val/car/102411.jpg,What object is in this image?,"spoon, firehydrant, car, motorcycle",car
/mnt/abka03/xlvlm_data/coco_cc0_plus/val/car/86483.jpg,What object is in this image?,"car, firehydrant, teddybear, stopsign",car
/mnt/abka03/xlvlm_data/coco_cc0_plus/val/car/162858.jpg,What object is in this image?,"firehydrant, chair, orange, car",car
/mnt/abka03/xlvlm_data/coco_cc0_plus/val/car/19042.jpg,What object is in this image?,"parkingmeter, keyboard, car, oven",car
/mnt/abka03/xlvlm_data/coco_cc0_plus/val/car/498709.jpg,What object is in this image?,"elephant, car, fork, tennisracket",car
/mnt/abka03/xlvlm_data/coco_cc0_plus/val/car/419408.jpg,What object is in this image?,"skateboard, donut, toilet, car",car
/mnt/abka03/xlvlm_data/coco_cc0_plus/val/car/177893.jpg,What object is in this image?,"hotdog, bicycle, handbag, car",car
/mnt/abka03/xlvlm_data/coco_cc0_plus/val/car/567640.jpg,What object is in this image?,"bowl, car, horse, laptop",car
/mnt/abka03/xlvlm_data/coco_cc0_plus/val/car/114770.jpg,What object is in this image?,"airplane, tie, banana, car",car
/mnt/abka03/xlvlm_data/coco_cc0_plus/val/car/174482.jpg,What object is in this image?,"car, refrigerator, firehydrant, zebra",car
/mnt/abka03/xlvlm_data/coco_cc0_plus/val/parking_meter/133819.jpg,What object is in this image?,"parkingmeter, oven, cup, toilet",parkingmeter
/mnt/abka03/xlvlm_data/coco_cc0_plus/val/parking_meter/129062.jpg,What object is in this image?,"bus, broccoli, orange, parkingmeter",parkingmeter
/mnt/abka03/xlvlm_data/coco_cc0_plus/val/parking_meter/372317.jpg,What object is in this image?,"umbrella, skateboard, parkingmeter, tie",parkingmeter
/mnt/abka03/xlvlm_data/coco_cc0_plus/val/spoon/417285.jpg,What object is in this image?,"suitcase, knife, bear, spoon",spoon
/mnt/abka03/xlvlm_data/coco_cc0_plus/val/spoon/468925.jpg,What object is in this image?,"spoon, suitcase, bicycle, bed",spoon
/mnt/abka03/xlvlm_data/coco_cc0_plus/val/spoon/181796.jpg,What object is in this image?,"spoon, firehydrant, truck, stopsign",spoon
/mnt/abka03/xlvlm_data/coco_cc0_plus/val/spoon/320664.jpg,What object is in this image?,"surfboard, vase, spoon, carrot",spoon
/mnt/abka03/xlvlm_data/coco_cc0_plus/val/spoon/2431.jpg,What object is in this image?,"firehydrant, orange, spoon, cup",spoon
/mnt/abka03/xlvlm_data/coco_cc0_plus/val/spoon/437898.jpg,What object is in this image?,"spoon, apple, chair, pottedplant",spoon
/mnt/abka03/xlvlm_data/coco_cc0_plus/val/spoon/84241.jpg,What object is in this image?,"chair, couch, spoon, cat",spoon
/mnt/abka03/xlvlm_data/coco_cc0_plus/val/carrot/34257.jpg,What object is in this image?,"hotdog, truck, airplane, carrot",carrot
/mnt/abka03/xlvlm_data/coco_cc0_plus/val/carrot/251537.jpg,What object is in this image?,"oven, giraffe, surfboard, carrot",carrot
/mnt/abka03/xlvlm_data/coco_cc0_plus/val/carrot/376307.jpg,What object is in this image?,"suitcase, sportsball, carrot, umbrella",carrot
/mnt/abka03/xlvlm_data/coco_cc0_plus/val/refrigerator/437898.jpg,What object is in this image?,"bus, refrigerator, surfboard, couch",refrigerator
/mnt/abka03/xlvlm_data/coco_cc0_plus/val/refrigerator/150417.jpg,What object is in this image?,"refrigerator, knife, handbag, broccoli",refrigerator
/mnt/abka03/xlvlm_data/coco_cc0_plus/val/refrigerator/485844.jpg,What object is in this image?,"orange, wineglass, refrigerator, sandwich",refrigerator
/mnt/abka03/xlvlm_data/coco_cc0_plus/val/refrigerator/802.jpg,What object is in this image?,"skis, tennisracket, refrigerator, cake",refrigerator
/mnt/abka03/xlvlm_data/coco_cc0_plus/val/bear/573391.jpg,What object is in this image?,"umbrella, suitcase, sandwich, bear",bear
/mnt/abka03/xlvlm_data/coco_cc0_plus/val/baseball_glove/153797.jpg,What object is in this image?,"donut, laptop, zebra, baseballglove",baseballglove
/mnt/abka03/xlvlm_data/coco_cc0_plus/val/baseball_glove/548339.jpg,What object is in this image?,"mouse, banana, skis, baseballglove",baseballglove
/mnt/abka03/xlvlm_data/coco_cc0_plus/val/baseball_glove/132931.jpg,What object is in this image?,"zebra, baseballglove, motorcycle, truck",baseballglove
/mnt/abka03/xlvlm_data/coco_cc0_plus/val/baseball_glove/153669.jpg,What object is in this image?,"laptop, baseballglove, oven, wineglass",baseballglove
/mnt/abka03/xlvlm_data/coco_cc0_plus/val/baseball_glove/515579.jpg,What object is in this image?,"tennisracket, baseballglove, bus, sandwich",baseballglove
/mnt/abka03/xlvlm_data/coco_cc0_plus/val/stop_sign/232646.jpg,What object is in this image?,"knife, elephant, stopsign, hotdog",stopsign
/mnt/abka03/xlvlm_data/coco_cc0_plus/val/vase/313034.jpg,What object is in this image?,"bed, clock, vase, parkingmeter",vase
/mnt/abka03/xlvlm_data/coco_cc0_plus/val/vase/372718.jpg,What object is in this image?,"apple, clock, vase, skateboard",vase
/mnt/abka03/xlvlm_data/coco_cc0_plus/val/vase/415716.jpg,What object is in this image?,"apple, chair, vase, firehydrant",vase
/mnt/abka03/xlvlm_data/coco_cc0_plus/val/vase/550426.jpg,What object is in this image?,"sink, baseballglove, vase, cake",vase
/mnt/abka03/xlvlm_data/coco_cc0_plus/val/vase/357978.jpg,What object is in this image?,"couch, vase, umbrella, skateboard",vase
/mnt/abka03/xlvlm_data/coco_cc0_plus/val/vase/19742.jpg,What object is in this image?,"vase, parkingmeter, pottedplant, couch",vase
/mnt/abka03/xlvlm_data/coco_cc0_plus/val/vase/519569.jpg,What object is in this image?,"chair, backpack, vase, tv",vase
/mnt/abka03/xlvlm_data/coco_cc0_plus/val/tv/97337.jpg,What object is in this image?,"tv, car, pottedplant, zebra",tv
/mnt/abka03/xlvlm_data/coco_cc0_plus/val/tv/532761.jpg,What object is in this image?,"tv, tie, mouse, remote",tv
/mnt/abka03/xlvlm_data/coco_cc0_plus/val/tv/37740.jpg,What object is in this image?,"refrigerator, tv, tie, keyboard",tv
/mnt/abka03/xlvlm_data/coco_cc0_plus/val/tv/579970.jpg,What object is in this image?,"cup, tv, bench, sink",tv
/mnt/abka03/xlvlm_data/coco_cc0_plus/val/tv/169076.jpg,What object is in this image?,"horse, tv, cow, bicycle",tv
/mnt/abka03/xlvlm_data/coco_cc0_plus/val/tv/357978.jpg,What object is in this image?,"cup, tv, tie, tennisracket",tv
/mnt/abka03/xlvlm_data/coco_cc0_plus/val/tv/316015.jpg,What object is in this image?,"tv, skis, laptop, cellphone",tv
/mnt/abka03/xlvlm_data/coco_cc0_plus/val/tv/514508.jpg,What object is in this image?,"sandwich, bus, tv, stopsign",tv
/mnt/abka03/xlvlm_data/coco_cc0_plus/val/tv/229659.jpg,What object is in this image?,"cow, bus, boat, tv",tv
/mnt/abka03/xlvlm_data/coco_cc0_plus/val/elephant/325031.jpg,What object is in this image?,"umbrella, sink, elephant, tie",elephant
/mnt/abka03/xlvlm_data/coco_cc0_plus/val/elephant/7108.jpg,What object is in this image?,"airplane, pottedplant, chair, elephant",elephant
/mnt/abka03/xlvlm_data/coco_cc0_plus/val/elephant/267169.jpg,What object is in this image?,"suitcase, horse, elephant, boat",elephant
/mnt/abka03/xlvlm_data/coco_cc0_plus/val/sandwich/338905.jpg,What object is in this image?,"bench, sandwich, train, airplane",sandwich
/mnt/abka03/xlvlm_data/coco_cc0_plus/val/sandwich/218249.jpg,What object is in this image?,"giraffe, wineglass, sandwich, tv",sandwich
/mnt/abka03/xlvlm_data/coco_cc0_plus/val/sandwich/468925.jpg,What object is in this image?,"orange, refrigerator, sandwich, train",sandwich
/mnt/abka03/xlvlm_data/coco_cc0_plus/val/sandwich/84241.jpg,What object is in this image?,"book, surfboard, pizza, sandwich",sandwich
/mnt/abka03/xlvlm_data/coco_cc0_plus/val/sandwich/9914.jpg,What object is in this image?,"baseballglove, sandwich, sheep, giraffe",sandwich
/mnt/abka03/xlvlm_data/coco_cc0_plus/val/sandwich/46463.jpg,What object is in this image?,"skateboard, sandwich, cup, cat",sandwich
/mnt/abka03/xlvlm_data/coco_cc0_plus/val/bird/60363.jpg,What object is in this image?,"dog, parkingmeter, giraffe, bird",bird
/mnt/abka03/xlvlm_data/coco_cc0_plus/val/bird/100489.jpg,What object is in this image?,"remote, bicycle, bird, kite",bird
/mnt/abka03/xlvlm_data/coco_cc0_plus/val/bird/509719.jpg,What object is in this image?,"bicycle, boat, bird, cow",bird
/mnt/abka03/xlvlm_data/coco_cc0_plus/val/bird/473015.jpg,What object is in this image?,"handbag, apple, bird, horse",bird
/mnt/abka03/xlvlm_data/coco_cc0_plus/val/bird/250205.jpg,What object is in this image?,"bear, person, tie, bird",bird
/mnt/abka03/xlvlm_data/coco_cc0_plus/val/bird/19042.jpg,What object is in this image?,"firehydrant, bird, cat, truck",bird
/mnt/abka03/xlvlm_data/coco_cc0_plus/val/bird/49761.jpg,What object is in this image?,"umbrella, parkingmeter, bird, couch",bird
/mnt/abka03/xlvlm_data/coco_cc0_plus/val/bottle/313454.jpg,What object is in this image?,"suitcase, bottle, oven, knife",bottle
/mnt/abka03/xlvlm_data/coco_cc0_plus/val/bottle/338905.jpg,What object is in this image?,"bird, orange, bicycle, bottle",bottle
/mnt/abka03/xlvlm_data/coco_cc0_plus/val/bottle/497344.jpg,What object is in this image?,"pizza, keyboard, baseballglove, bottle",bottle
/mnt/abka03/xlvlm_data/coco_cc0_plus/val/bottle/313034.jpg,What object is in this image?,"tennisracket, zebra, skateboard, bottle",bottle
/mnt/abka03/xlvlm_data/coco_cc0_plus/val/bottle/47112.jpg,What object is in this image?,"baseballglove, tv, bottle, book",bottle
/mnt/abka03/xlvlm_data/coco_cc0_plus/val/bottle/568195.jpg,What object is in this image?,"bottle, sandwich, giraffe, toilet",bottle
/mnt/abka03/xlvlm_data/coco_cc0_plus/val/bottle/297830.jpg,What object is in this image?,"bottle, bird, book, person",bottle
/mnt/abka03/xlvlm_data/coco_cc0_plus/val/bottle/53505.jpg,What object is in this image?,"laptop, fork, airplane, bottle",bottle
/mnt/abka03/xlvlm_data/coco_cc0_plus/val/bottle/62025.jpg,What object is in this image?,"dog, tv, parkingmeter, bottle",bottle
/mnt/abka03/xlvlm_data/coco_cc0_plus/val/bottle/548339.jpg,What object is in this image?,"sink, vase, bottle, chair",bottle
/mnt/abka03/xlvlm_data/coco_cc0_plus/val/bottle/488673.jpg,What object is in this image?,"bottle, sheep, book, bird",bottle
/mnt/abka03/xlvlm_data/coco_cc0_plus/val/bottle/84241.jpg,What object is in this image?,"oven, cake, surfboard, bottle",bottle
/mnt/abka03/xlvlm_data/coco_cc0_plus/val/bottle/267169.jpg,What object is in this image?,"airplane, umbrella, bottle, skis",bottle
/mnt/abka03/xlvlm_data/coco_cc0_plus/val/bottle/530146.jpg,What object is in this image?,"bottle, train, sandwich, vase",bottle
/mnt/abka03/xlvlm_data/coco_cc0_plus/val/bottle/229659.jpg,What object is in this image?,"clock, bottle, zebra, cake",bottle
/mnt/abka03/xlvlm_data/coco_cc0_plus/val/bottle/519569.jpg,What object is in this image?,"person, fork, carrot, bottle",bottle
/mnt/abka03/xlvlm_data/coco_cc0_plus/val/bottle/171190.jpg,What object is in this image?,"horse, bottle, zebra, chair",bottle
/mnt/abka03/xlvlm_data/coco_cc0_plus/val/horse/308545.jpg,What object is in this image?,"broccoli, pizza, horse, hotdog",horse
/mnt/abka03/xlvlm_data/coco_cc0_plus/val/horse/303653.jpg,What object is in this image?,"spoon, laptop, chair, horse",horse
/mnt/abka03/xlvlm_data/coco_cc0_plus/val/horse/29187.jpg,What object is in this image?,"horse, toilet, pizza, stopsign",horse
/mnt/abka03/xlvlm_data/coco_cc0_plus/val/horse/304291.jpg,What object is in this image?,"dog, cellphone, horse, cake",horse
/mnt/abka03/xlvlm_data/coco_cc0_plus/val/horse/396863.jpg,What object is in this image?,"giraffe, bed, hotdog, horse",horse
/mnt/abka03/xlvlm_data/coco_cc0_plus/val/horse/317433.jpg,What object is in this image?,"horse, skis, train, vase",horse
/mnt/abka03/xlvlm_data/coco_cc0_plus/val/horse/560880.jpg,What object is in this image?,"horse, vase, handbag, baseballbat",horse
/mnt/abka03/xlvlm_data/coco_cc0_plus/val/horse/132408.jpg,What object is in this image?,"horse, teddybear, train, wineglass",horse
/mnt/abka03/xlvlm_data/coco_cc0_plus/val/baseball_bat/427077.jpg,What object is in this image?,"tv, baseballbat, skateboard, diningtable",baseballbat
/mnt/abka03/xlvlm_data/coco_cc0_plus/val/baseball_bat/548339.jpg,What object is in this image?,"carrot, spoon, teddybear, baseballbat",baseballbat
/mnt/abka03/xlvlm_data/coco_cc0_plus/val/baseball_bat/153669.jpg,What object is in this image?,"dog, baseballbat, bus, train",baseballbat
/mnt/abka03/xlvlm_data/coco_cc0_plus/val/bus/86220.jpg,What object is in this image?,"bus, teddybear, laptop, suitcase",bus
/mnt/abka03/xlvlm_data/coco_cc0_plus/val/bus/110784.jpg,What object is in this image?,"bus, banana, refrigerator, oven",bus
/mnt/abka03/xlvlm_data/coco_cc0_plus/val/bus/5037.jpg,What object is in this image?,"cow, cat, orange, bus",bus
/mnt/abka03/xlvlm_data/coco_cc0_plus/val/bus/333402.jpg,What object is in this image?,"bus, broccoli, suitcase, pottedplant",bus
/mnt/abka03/xlvlm_data/coco_cc0_plus/val/bus/319534.jpg,What object is in this image?,"bus, bird, elephant, keyboard",bus
/mnt/abka03/xlvlm_data/coco_cc0_plus/val/bus/52007.jpg,What object is in this image?,"bus, bench, donut, mouse",bus
/mnt/abka03/xlvlm_data/coco_cc0_plus/val/bus/133819.jpg,What object is in this image?,"firehydrant, bottle, airplane, bus",bus
/mnt/abka03/xlvlm_data/coco_cc0_plus/val/bus/243867.jpg,What object is in this image?,"toilet, bus, person, truck",bus
/mnt/abka03/xlvlm_data/coco_cc0_plus/val/bus/387387.jpg,What object is in this image?,"wineglass, bottle, bus, elephant",bus
/mnt/abka03/xlvlm_data/coco_cc0_plus/val/bus/315450.jpg,What object is in this image?,"vase, teddybear, hotdog, bus",bus
/mnt/abka03/xlvlm_data/coco_cc0_plus/val/bus/460967.jpg,What object is in this image?,"car, bus, donut, clock",bus
/mnt/abka03/xlvlm_data/coco_cc0_plus/val/bus/476704.jpg,What object is in this image?,"umbrella, parkingmeter, vase, bus",bus
/mnt/abka03/xlvlm_data/coco_cc0_plus/val/bus/147725.jpg,What object is in this image?,"bus, laptop, diningtable, bowl",bus
/mnt/abka03/xlvlm_data/coco_cc0_plus/val/bus/336232.jpg,What object is in this image?,"bus, knife, airplane, skis",bus
/mnt/abka03/xlvlm_data/coco_cc0_plus/val/bus/574425.jpg,What object is in this image?,"knife, sportsball, bus, remote",bus
/mnt/abka03/xlvlm_data/coco_cc0_plus/val/bus/492077.jpg,What object is in this image?,"stopsign, bus, diningtable, pizza",bus
/mnt/abka03/xlvlm_data/coco_cc0_plus/val/bus/372317.jpg,What object is in this image?,"diningtable, motorcycle, handbag, bus",bus
/mnt/abka03/xlvlm_data/coco_cc0_plus/val/bus/106048.jpg,What object is in this image?,"stopsign, surfboard, sportsball, bus",bus
/mnt/abka03/xlvlm_data/coco_cc0_plus/val/bus/497867.jpg,What object is in this image?,"sandwich, umbrella, trafficlight, bus",bus
/mnt/abka03/xlvlm_data/coco_cc0_plus/val/bus/177893.jpg,What object is in this image?,"sandwich, bus, dog, elephant",bus
/mnt/abka03/xlvlm_data/coco_cc0_plus/val/mouse/532761.jpg,What object is in this image?,"bird, mouse, cellphone, toilet",mouse
/mnt/abka03/xlvlm_data/coco_cc0_plus/val/mouse/415716.jpg,What object is in this image?,"firehydrant, mouse, handbag, bicycle",mouse
/mnt/abka03/xlvlm_data/coco_cc0_plus/val/mouse/37740.jpg,What object is in this image?,"vase, mouse, bus, surfboard",mouse
/mnt/abka03/xlvlm_data/coco_cc0_plus/val/train/200162.jpg,What object is in this image?,"diningtable, train, sportsball, chair",train
/mnt/abka03/xlvlm_data/coco_cc0_plus/val/train/86220.jpg,What object is in this image?,"donut, train, sportsball, cake",train
/mnt/abka03/xlvlm_data/coco_cc0_plus/val/train/471023.jpg,What object is in this image?,"train, elephant, pottedplant, umbrella",train
/mnt/abka03/xlvlm_data/coco_cc0_plus/val/train/155443.jpg,What object is in this image?,"train, person, teddybear, skis",train
/mnt/abka03/xlvlm_data/coco_cc0_plus/val/train/572555.jpg,What object is in this image?,"apple, train, tie, handbag",train
/mnt/abka03/xlvlm_data/coco_cc0_plus/val/train/133567.jpg,What object is in this image?,"hotdog, airplane, kite, train",train
/mnt/abka03/xlvlm_data/coco_cc0_plus/val/train/135902.jpg,What object is in this image?,"handbag, boat, apple, train",train
/mnt/abka03/xlvlm_data/coco_cc0_plus/val/train/60090.jpg,What object is in this image?,"donut, skis, bed, train",train
/mnt/abka03/xlvlm_data/coco_cc0_plus/val/train/177383.jpg,What object is in this image?,"kite, train, backpack, oven",train
/mnt/abka03/xlvlm_data/coco_cc0_plus/val/train/57244.jpg,What object is in this image?,"skis, train, bottle, zebra",train
/mnt/abka03/xlvlm_data/coco_cc0_plus/val/zebra/445439.jpg,What object is in this image?,"hotdog, vase, bowl, zebra",zebra
/mnt/abka03/xlvlm_data/coco_cc0_plus/val/zebra/364166.jpg,What object is in this image?,"mouse, apple, zebra, firehydrant",zebra
/mnt/abka03/xlvlm_data/coco_cc0_plus/val/zebra/49761.jpg,What object is in this image?,"cat, kite, zebra, spoon",zebra
/mnt/abka03/xlvlm_data/coco_cc0_plus/val/sheep/395388.jpg,What object is in this image?,"sheep, cup, bench, diningtable",sheep
/mnt/abka03/xlvlm_data/coco_cc0_plus/val/sheep/66561.jpg,What object is in this image?,"clock, truck, suitcase, sheep",sheep
/mnt/abka03/xlvlm_data/coco_cc0_plus/val/cat/320554.jpg,What object is in this image?,"cat, firehydrant, cow, pizza",cat
/mnt/abka03/xlvlm_data/coco_cc0_plus/val/cat/89271.jpg,What object is in this image?,"fork, teddybear, firehydrant, cat",cat
/mnt/abka03/xlvlm_data/coco_cc0_plus/val/cat/169076.jpg,What object is in this image?,"cat, tie, airplane, dog",cat
/mnt/abka03/xlvlm_data/coco_cc0_plus/val/cat/316015.jpg,What object is in this image?,"cat, handbag, sink, giraffe",cat
/mnt/abka03/xlvlm_data/coco_cc0_plus/val/cat/312340.jpg,What object is in this image?,"cat, clock, mouse, train",cat
/mnt/abka03/xlvlm_data/coco_cc0_plus/val/cat/304560.jpg,What object is in this image?,"orange, apple, oven, cat",cat
/mnt/abka03/xlvlm_data/coco_cc0_plus/val/suitcase/445722.jpg,What object is in this image?,"baseballbat, refrigerator, banana, suitcase",suitcase
/mnt/abka03/xlvlm_data/coco_cc0_plus/val/suitcase/153529.jpg,What object is in this image?,"bird, apple, suitcase, chair",suitcase
/mnt/abka03/xlvlm_data/coco_cc0_plus/val/suitcase/114049.jpg,What object is in this image?,"clock, skis, suitcase, truck",suitcase
/mnt/abka03/xlvlm_data/coco_cc0_plus/val/suitcase/579158.jpg,What object is in this image?,"oven, tie, spoon, suitcase",suitcase
/mnt/abka03/xlvlm_data/coco_cc0_plus/val/cup/492110.jpg,What object is in this image?,"handbag, spoon, cup, carrot",cup
/mnt/abka03/xlvlm_data/coco_cc0_plus/val/cup/338905.jpg,What object is in this image?,"spoon, cup, book, chair",cup
/mnt/abka03/xlvlm_data/coco_cc0_plus/val/cup/417285.jpg,What object is in this image?,"cow, stopsign, fork, cup",cup
/mnt/abka03/xlvlm_data/coco_cc0_plus/val/cup/313034.jpg,What object is in this image?,"zebra, wineglass, cup, handbag",cup
/mnt/abka03/xlvlm_data/coco_cc0_plus/val/cup/468925.jpg,What object is in this image?,"cup, handbag, hotdog, bicycle",cup
/mnt/abka03/xlvlm_data/coco_cc0_plus/val/cup/181796.jpg,What object is in this image?,"cup, wineglass, oven, cake",cup
/mnt/abka03/xlvlm_data/coco_cc0_plus/val/cup/305343.jpg,What object is in this image?,"trafficlight, elephant, cup, airplane",cup
/mnt/abka03/xlvlm_data/coco_cc0_plus/val/cup/62025.jpg,What object is in this image?,"person, refrigerator, cup, bottle",cup
/mnt/abka03/xlvlm_data/coco_cc0_plus/val/cup/2431.jpg,What object is in this image?,"cup, baseballbat, bed, bird",cup
/mnt/abka03/xlvlm_data/coco_cc0_plus/val/cup/488673.jpg,What object is in this image?,"cup, bed, zebra, vase",cup
/mnt/abka03/xlvlm_data/coco_cc0_plus/val/cup/437898.jpg,What object is in this image?,"boat, knife, car, cup",cup
/mnt/abka03/xlvlm_data/coco_cc0_plus/val/cup/150417.jpg,What object is in this image?,"bench, bed, zebra, cup",cup
/mnt/abka03/xlvlm_data/coco_cc0_plus/val/cup/48396.jpg,What object is in this image?,"cup, bird, diningtable, toilet",cup
/mnt/abka03/xlvlm_data/coco_cc0_plus/val/cup/163611.jpg,What object is in this image?,"cup, toilet, bench, vase",cup
/mnt/abka03/xlvlm_data/coco_cc0_plus/val/cup/530146.jpg,What object is in this image?,"toilet, cup, backpack, person",cup
/mnt/abka03/xlvlm_data/coco_cc0_plus/val/cup/171190.jpg,What object is in this image?,"fork, stopsign, cup, apple",cup
/mnt/abka03/xlvlm_data/coco_cc0_plus/val/cup/206579.jpg,What object is in this image?,"cup, boat, sink, sandwich",cup
/mnt/abka03/xlvlm_data/coco_cc0_plus/val/cup/376307.jpg,What object is in this image?,"tv, firehydrant, bed, cup",cup
/mnt/abka03/xlvlm_data/coco_cc0_plus/val/potted_plant/313454.jpg,What object is in this image?,"skis, chair, pottedplant, cellphone",pottedplant
/mnt/abka03/xlvlm_data/coco_cc0_plus/val/potted_plant/338905.jpg,What object is in this image?,"baseballglove, pottedplant, bowl, backpack",pottedplant
/mnt/abka03/xlvlm_data/coco_cc0_plus/val/potted_plant/532761.jpg,What object is in this image?,"hotdog, pottedplant, bus, book",pottedplant
/mnt/abka03/xlvlm_data/coco_cc0_plus/val/potted_plant/382030.jpg,What object is in this image?,"pottedplant, handbag, banana, dog",pottedplant
/mnt/abka03/xlvlm_data/coco_cc0_plus/val/potted_plant/37740.jpg,What object is in this image?,"airplane, pottedplant, banana, trafficlight",pottedplant
/mnt/abka03/xlvlm_data/coco_cc0_plus/val/potted_plant/579970.jpg,What object is in this image?,"bed, teddybear, pottedplant, couch",pottedplant
/mnt/abka03/xlvlm_data/coco_cc0_plus/val/potted_plant/357978.jpg,What object is in this image?,"pottedplant, elephant, orange, surfboard",pottedplant
/mnt/abka03/xlvlm_data/coco_cc0_plus/val/potted_plant/515579.jpg,What object is in this image?,"knife, pottedplant, remote, vase",pottedplant
/mnt/abka03/xlvlm_data/coco_cc0_plus/val/remote/532761.jpg,What object is in this image?,"sheep, remote, car, train",remote
/mnt/abka03/xlvlm_data/coco_cc0_plus/val/remote/400161.jpg,What object is in this image?,"remote, pizza, vase, cup",remote
/mnt/abka03/xlvlm_data/coco_cc0_plus/val/remote/357978.jpg,What object is in this image?,"sink, remote, car, book",remote
/mnt/abka03/xlvlm_data/coco_cc0_plus/val/book/551439.jpg,What object is in this image?,"broccoli, airplane, book, bear",book
/mnt/abka03/xlvlm_data/coco_cc0_plus/val/book/37740.jpg,What object is in this image?,"orange, tv, laptop, book",book
/mnt/abka03/xlvlm_data/coco_cc0_plus/val/book/579970.jpg,What object is in this image?,"person, toilet, bus, book",book
/mnt/abka03/xlvlm_data/coco_cc0_plus/val/book/400161.jpg,What object is in this image?,"sheep, banana, wineglass, book",book
/mnt/abka03/xlvlm_data/coco_cc0_plus/val/book/422670.jpg,What object is in this image?,"stopsign, handbag, pottedplant, book",book
/mnt/abka03/xlvlm_data/coco_cc0_plus/val/book/466125.jpg,What object is in this image?,"bear, kite, baseballglove, book",book
/mnt/abka03/xlvlm_data/coco_cc0_plus/val/book/326970.jpg,What object is in this image?,"tennisracket, umbrella, train, book",book
/mnt/abka03/xlvlm_data/coco_cc0_plus/val/book/316015.jpg,What object is in this image?,"cat, book, sportsball, carrot",book
/mnt/abka03/xlvlm_data/coco_cc0_plus/val/book/206579.jpg,What object is in this image?,"book, teddybear, laptop, trafficlight",book
/mnt/abka03/xlvlm_data/coco_cc0_plus/val/pizza/47112.jpg,What object is in this image?,"tennisracket, banana, pizza, surfboard",pizza
/mnt/abka03/xlvlm_data/coco_cc0_plus/val/pizza/163611.jpg,What object is in this image?,"baseballglove, pizza, cellphone, bear",pizza
/mnt/abka03/xlvlm_data/coco_cc0_plus/val/skateboard/559160.jpg,What object is in this image?,"carrot, wineglass, skateboard, zebra",skateboard
/mnt/abka03/xlvlm_data/coco_cc0_plus/val/skateboard/538458.jpg,What object is in this image?,"kite, couch, bus, skateboard",skateboard
/mnt/abka03/xlvlm_data/coco_cc0_plus/val/skateboard/362520.jpg,What object is in this image?,"surfboard, parkingmeter, skateboard, skis",skateboard
/mnt/abka03/xlvlm_data/coco_cc0_plus/val/skateboard/428111.jpg,What object is in this image?,"skateboard, parkingmeter, oven, pottedplant",skateboard
/mnt/abka03/xlvlm_data/coco_cc0_plus/val/skateboard/145665.jpg,What object is in this image?,"train, keyboard, cat, skateboard",skateboard
/mnt/abka03/xlvlm_data/coco_cc0_plus/val/skateboard/396200.jpg,What object is in this image?,"clock, bench, skateboard, spoon",skateboard
/mnt/abka03/xlvlm_data/coco_cc0_plus/val/skateboard/443844.jpg,What object is in this image?,"clock, skateboard, teddybear, hotdog",skateboard
/mnt/abka03/xlvlm_data/coco_cc0_plus/val/skateboard/187585.jpg,What object is in this image?,"hotdog, skateboard, sandwich, diningtable",skateboard
/mnt/abka03/xlvlm_data/coco_cc0_plus/val/skateboard/71877.jpg,What object is in this image?,"tennisracket, skateboard, remote, suitcase",skateboard
/mnt/abka03/xlvlm_data/coco_cc0_plus/val/skateboard/481573.jpg,What object is in this image?,"sportsball, cup, skateboard, truck",skateboard
/mnt/abka03/xlvlm_data/coco_cc0_plus/val/skateboard/419408.jpg,What object is in this image?,"remote, skateboard, car, banana",skateboard
/mnt/abka03/xlvlm_data/coco_cc0_plus/val/skateboard/493613.jpg,What object is in this image?,"skis, toilet, skateboard, zebra",skateboard
/mnt/abka03/xlvlm_data/coco_cc0_plus/val/chair/240023.jpg,What object is in this image?,"firehydrant, chair, broccoli, clock",chair
/mnt/abka03/xlvlm_data/coco_cc0_plus/val/chair/313454.jpg,What object is in this image?,"chair, banana, suitcase, wineglass",chair
/mnt/abka03/xlvlm_data/coco_cc0_plus/val/chair/97337.jpg,What object is in this image?,"bird, chair, bear, sink",chair
/mnt/abka03/xlvlm_data/coco_cc0_plus/val/chair/492110.jpg,What object is in this image?,"trafficlight, chair, carrot, wineglass",chair
/mnt/abka03/xlvlm_data/coco_cc0_plus/val/chair/338905.jpg,What object is in this image?,"chair, parkingmeter, tie, handbag",chair
/mnt/abka03/xlvlm_data/coco_cc0_plus/val/chair/471023.jpg,What object is in this image?,"cake, chair, tennisracket, teddybear",chair
/mnt/abka03/xlvlm_data/coco_cc0_plus/val/chair/388846.jpg,What object is in this image?,"cake, boat, pizza, chair",chair
/mnt/abka03/xlvlm_data/coco_cc0_plus/val/chair/47112.jpg,What object is in this image?,"zebra, chair, truck, spoon",chair
/mnt/abka03/xlvlm_data/coco_cc0_plus/val/chair/532761.jpg,What object is in this image?,"bed, pottedplant, sportsball, chair",chair
/mnt/abka03/xlvlm_data/coco_cc0_plus/val/chair/303653.jpg,What object is in this image?,"tie, sportsball, clock, chair",chair
/mnt/abka03/xlvlm_data/coco_cc0_plus/val/chair/493905.jpg,What object is in this image?,"bus, sandwich, chair, tennisracket",chair
/mnt/abka03/xlvlm_data/coco_cc0_plus/val/chair/415716.jpg,What object is in this image?,"chair, bench, cow, surfboard",chair
/mnt/abka03/xlvlm_data/coco_cc0_plus/val/chair/488673.jpg,What object is in this image?,"orange, chair, bottle, skateboard",chair
/mnt/abka03/xlvlm_data/coco_cc0_plus/val/chair/114049.jpg,What object is in this image?,"motorcycle, refrigerator, broccoli, chair",chair
/mnt/abka03/xlvlm_data/coco_cc0_plus/val/chair/37740.jpg,What object is in this image?,"stopsign, chair, baseballglove, broccoli",chair
/mnt/abka03/xlvlm_data/coco_cc0_plus/val/chair/4134.jpg,What object is in this image?,"chair, remote, hotdog, skateboard",chair
/mnt/abka03/xlvlm_data/coco_cc0_plus/val/chair/568584.jpg,What object is in this image?,"parkingmeter, baseballbat, cup, chair",chair
/mnt/abka03/xlvlm_data/coco_cc0_plus/val/chair/150417.jpg,What object is in this image?,"boat, keyboard, chair, person",chair
/mnt/abka03/xlvlm_data/coco_cc0_plus/val/chair/579970.jpg,What object is in this image?,"train, pottedplant, chair, elephant",chair
/mnt/abka03/xlvlm_data/coco_cc0_plus/val/chair/357978.jpg,What object is in this image?,"chair, knife, bus, parkingmeter",chair
/mnt/abka03/xlvlm_data/coco_cc0_plus/val/chair/48396.jpg,What object is in this image?,"elephant, oven, chair, cat",chair
/mnt/abka03/xlvlm_data/coco_cc0_plus/val/chair/163682.jpg,What object is in this image?,"sportsball, zebra, chair, car",chair
/mnt/abka03/xlvlm_data/coco_cc0_plus/val/chair/466125.jpg,What object is in this image?,"bird, keyboard, chair, motorcycle",chair
/mnt/abka03/xlvlm_data/coco_cc0_plus/val/chair/229659.jpg,What object is in this image?,"dog, bowl, bottle, chair",chair
/mnt/abka03/xlvlm_data/coco_cc0_plus/val/chair/519569.jpg,What object is in this image?,"chair, bed, truck, spoon",chair
/mnt/abka03/xlvlm_data/coco_cc0_plus/val/chair/79969.jpg,What object is in this image?,"teddybear, chair, oven, broccoli",chair
/mnt/abka03/xlvlm_data/coco_cc0_plus/val/chair/485844.jpg,What object is in this image?,"giraffe, broccoli, chair, stopsign",chair
/mnt/abka03/xlvlm_data/coco_cc0_plus/val/chair/171190.jpg,What object is in this image?,"chair, remote, hotdog, handbag",chair
/mnt/abka03/xlvlm_data/coco_cc0_plus/val/chair/206579.jpg,What object is in this image?,"chair, bowl, vase, book",chair
/mnt/abka03/xlvlm_data/coco_cc0_plus/val/chair/376307.jpg,What object is in this image?,"chair, knife, backpack, tv",chair
/mnt/abka03/xlvlm_data/coco_cc0_plus/val/bowl/335954.jpg,What object is in this image?,"bowl, laptop, truck, skateboard",bowl
/mnt/abka03/xlvlm_data/coco_cc0_plus/val/bowl/338905.jpg,What object is in this image?,"cake, mouse, backpack, bowl",bowl
/mnt/abka03/xlvlm_data/coco_cc0_plus/val/bowl/47112.jpg,What object is in this image?,"bowl, pizza, suitcase, bottle",bowl
/mnt/abka03/xlvlm_data/coco_cc0_plus/val/bowl/488673.jpg,What object is in this image?,"bowl, mouse, zebra, baseballglove",bowl
/mnt/abka03/xlvlm_data/coco_cc0_plus/val/bowl/84241.jpg,What object is in this image?,"toilet, bowl, keyboard, sandwich",bowl
/mnt/abka03/xlvlm_data/coco_cc0_plus/val/bowl/150417.jpg,What object is in this image?,"oven, bowl, banana, baseballglove",bowl
/mnt/abka03/xlvlm_data/coco_cc0_plus/val/bowl/9914.jpg,What object is in this image?,"parkingmeter, couch, bowl, sportsball",bowl
/mnt/abka03/xlvlm_data/coco_cc0_plus/val/bowl/158660.jpg,What object is in this image?,"bowl, sportsball, stopsign, keyboard",bowl
/mnt/abka03/xlvlm_data/coco_cc0_plus/val/bowl/530146.jpg,What object is in this image?,"bowl, oven, fork, kite",bowl
/mnt/abka03/xlvlm_data/coco_cc0_plus/val/skis/493442.jpg,What object is in this image?,"bed, oven, carrot, skis",skis
/mnt/abka03/xlvlm_data/coco_cc0_plus/val/skis/136334.jpg,What object is in this image?,"book, teddybear, horse, skis",skis
/mnt/abka03/xlvlm_data/coco_cc0_plus/val/skis/469828.jpg,What object is in this image?,"surfboard, skis, knife, oven",skis
/mnt/abka03/xlvlm_data/coco_cc0_plus/val/skis/249786.jpg,What object is in this image?,"clock, pottedplant, mouse, skis",skis
/mnt/abka03/xlvlm_data/coco_cc0_plus/val/skis/176901.jpg,What object is in this image?,"handbag, fork, diningtable, skis",skis
/mnt/abka03/xlvlm_data/coco_cc0_plus/val/tennis_racket/240023.jpg,What object is in this image?,"hotdog, sheep, zebra, tennisracket",tennisracket
/mnt/abka03/xlvlm_data/coco_cc0_plus/val/tennis_racket/533816.jpg,What object is in this image?,"trafficlight, tennisracket, book, dog",tennisracket
/mnt/abka03/xlvlm_data/coco_cc0_plus/val/tennis_racket/504389.jpg,What object is in this image?,"zebra, knife, tennisracket, wineglass",tennisracket
/mnt/abka03/xlvlm_data/coco_cc0_plus/val/tennis_racket/493905.jpg,What object is in this image?,"bird, tennisracket, cellphone, person",tennisracket
/mnt/abka03/xlvlm_data/coco_cc0_plus/val/tennis_racket/187055.jpg,What object is in this image?,"tennisracket, bed, donut, handbag",tennisracket
/mnt/abka03/xlvlm_data/coco_cc0_plus/val/tennis_racket/121744.jpg,What object is in this image?,"broccoli, donut, hotdog, tennisracket",tennisracket
/mnt/abka03/xlvlm_data/coco_cc0_plus/val/tennis_racket/79969.jpg,What object is in this image?,"laptop, tennisracket, bottle, sink",tennisracket
/mnt/abka03/xlvlm_data/coco_cc0_plus/val/tennis_racket/551820.jpg,What object is in this image?,"tennisracket, clock, book, umbrella",tennisracket
/mnt/abka03/xlvlm_data/coco_cc0_plus/val/tie/325031.jpg,What object is in this image?,"sandwich, oven, sink, tie",tie
/mnt/abka03/xlvlm_data/coco_cc0_plus/val/tie/313454.jpg,What object is in this image?,"bowl, tie, bus, cellphone",tie
/mnt/abka03/xlvlm_data/coco_cc0_plus/val/tie/78843.jpg,What object is in this image?,"sheep, sink, tennisracket, tie",tie
/mnt/abka03/xlvlm_data/coco_cc0_plus/val/tie/151657.jpg,What object is in this image?,"tie, book, diningtable, cake",tie
/mnt/abka03/xlvlm_data/coco_cc0_plus/val/tie/52007.jpg,What object is in this image?,"surfboard, oven, person, tie",tie
/mnt/abka03/xlvlm_data/coco_cc0_plus/val/tie/287527.jpg,What object is in this image?,"spoon, tennisracket, bus, tie",tie
/mnt/abka03/xlvlm_data/coco_cc0_plus/val/tie/4134.jpg,What object is in this image?,"cat, tie, donut, pizza",tie
/mnt/abka03/xlvlm_data/coco_cc0_plus/val/tie/11051.jpg,What object is in this image?,"tennisracket, tie, donut, sink",tie
/mnt/abka03/xlvlm_data/coco_cc0_plus/val/tie/163682.jpg,What object is in this image?,"clock, dog, airplane, tie",tie
/mnt/abka03/xlvlm_data/coco_cc0_plus/val/tie/58705.jpg,What object is in this image?,"tie, horse, hotdog, car",tie
/mnt/abka03/xlvlm_data/coco_cc0_plus/val/tie/274219.jpg,What object is in this image?,"tie, skateboard, sink, train",tie
/mnt/abka03/xlvlm_data/coco_cc0_plus/val/airplane/456865.jpg,What object is in this image?,"person, refrigerator, airplane, bear",airplane
/mnt/abka03/xlvlm_data/coco_cc0_plus/val/airplane/281693.jpg,What object is in this image?,"pizza, airplane, spoon, oven",airplane
/mnt/abka03/xlvlm_data/coco_cc0_plus/val/airplane/196185.jpg,What object is in this image?,"trafficlight, airplane, pizza, orange",airplane
/mnt/abka03/xlvlm_data/coco_cc0_plus/val/airplane/579158.jpg,What object is in this image?,"pizza, baseballbat, airplane, vase",airplane
/mnt/abka03/xlvlm_data/coco_cc0_plus/val/airplane/114770.jpg,What object is in this image?,"cup, zebra, bottle, airplane",airplane
/mnt/abka03/xlvlm_data/coco_cc0_plus/val/keyboard/541664.jpg,What object is in this image?,"train, car, bicycle, keyboard",keyboard
/mnt/abka03/xlvlm_data/coco_cc0_plus/val/keyboard/37740.jpg,What object is in this image?,"keyboard, skateboard, skis, mouse",keyboard
/mnt/abka03/xlvlm_data/coco_cc0_plus/val/keyboard/310980.jpg,What object is in this image?,"truck, cat, cup, keyboard",keyboard
/mnt/abka03/xlvlm_data/coco_cc0_plus/val/keyboard/316015.jpg,What object is in this image?,"vase, tennisracket, keyboard, toilet",keyboard
/mnt/abka03/xlvlm_data/coco_cc0_plus/val/giraffe/344059.jpg,What object is in this image?,"boat, giraffe, diningtable, car",giraffe
/mnt/abka03/xlvlm_data/coco_cc0_plus/val/giraffe/259382.jpg,What object is in this image?,"giraffe, carrot, chair, bench",giraffe
/mnt/abka03/xlvlm_data/coco_cc0_plus/val/giraffe/338532.jpg,What object is in this image?,"bottle, bear, giraffe, apple",giraffe
/mnt/abka03/xlvlm_data/coco_cc0_plus/val/giraffe/186637.jpg,What object is in this image?,"surfboard, giraffe, remote, bus",giraffe
/mnt/abka03/xlvlm_data/coco_cc0_plus/val/giraffe/33707.jpg,What object is in this image?,"giraffe, wineglass, remote, book",giraffe
/mnt/abka03/xlvlm_data/coco_cc0_plus/val/bicycle/428111.jpg,What object is in this image?,"hotdog, keyboard, sportsball, bicycle",bicycle
/mnt/abka03/xlvlm_data/coco_cc0_plus/val/bicycle/139099.jpg,What object is in this image?,"carrot, horse, bowl, bicycle",bicycle
/mnt/abka03/xlvlm_data/coco_cc0_plus/val/bicycle/476704.jpg,What object is in this image?,"handbag, bed, apple, bicycle",bicycle
/mnt/abka03/xlvlm_data/coco_cc0_plus/val/bicycle/169996.jpg,What object is in this image?,"bicycle, bowl, bird, spoon",bicycle
/mnt/abka03/xlvlm_data/coco_cc0_plus/val/bicycle/492077.jpg,What object is in this image?,"bicycle, vase, cow, apple",bicycle
/mnt/abka03/xlvlm_data/coco_cc0_plus/val/bicycle/162858.jpg,What object is in this image?,"giraffe, mouse, bicycle, bear",bicycle
/mnt/abka03/xlvlm_data/coco_cc0_plus/val/bicycle/174482.jpg,What object is in this image?,"umbrella, knife, bicycle, kite",bicycle
/mnt/abka03/xlvlm_data/coco_cc0_plus/val/handbag/20571.jpg,What object is in this image?,"train, handbag, parkingmeter, banana",handbag
/mnt/abka03/xlvlm_data/coco_cc0_plus/val/handbag/153529.jpg,What object is in this image?,"chair, train, backpack, handbag",handbag
/mnt/abka03/xlvlm_data/coco_cc0_plus/val/handbag/88848.jpg,What object is in this image?,"sink, broccoli, handbag, surfboard",handbag
/mnt/abka03/xlvlm_data/coco_cc0_plus/val/handbag/150265.jpg,What object is in this image?,"cat, hotdog, chair, handbag",handbag
/mnt/abka03/xlvlm_data/coco_cc0_plus/val/handbag/139099.jpg,What object is in this image?,"apple, handbag, tv, carrot",handbag
/mnt/abka03/xlvlm_data/coco_cc0_plus/val/handbag/133819.jpg,What object is in this image?,"firehydrant, handbag, sandwich, airplane",handbag
/mnt/abka03/xlvlm_data/coco_cc0_plus/val/handbag/455716.jpg,What object is in this image?,"tie, handbag, fork, truck",handbag
/mnt/abka03/xlvlm_data/coco_cc0_plus/val/handbag/548339.jpg,What object is in this image?,"handbag, sportsball, baseballbat, apple",handbag
/mnt/abka03/xlvlm_data/coco_cc0_plus/val/handbag/224675.jpg,What object is in this image?,"giraffe, bed, zebra, handbag",handbag
/mnt/abka03/xlvlm_data/coco_cc0_plus/val/handbag/230993.jpg,What object is in this image?,"giraffe, donut, handbag, zebra",handbag
/mnt/abka03/xlvlm_data/coco_cc0_plus/val/handbag/102411.jpg,What object is in this image?,"handbag, cellphone, baseballglove, bus",handbag
/mnt/abka03/xlvlm_data/coco_cc0_plus/val/handbag/143961.jpg,What object is in this image?,"giraffe, handbag, donut, bus",handbag
/mnt/abka03/xlvlm_data/coco_cc0_plus/val/handbag/326970.jpg,What object is in this image?,"handbag, apple, zebra, elephant",handbag
/mnt/abka03/xlvlm_data/coco_cc0_plus/val/motorcycle/338905.jpg,What object is in this image?,"bird, toilet, motorcycle, person",motorcycle
/mnt/abka03/xlvlm_data/coco_cc0_plus/val/motorcycle/136715.jpg,What object is in this image?,"keyboard, baseballglove, motorcycle, clock",motorcycle
/mnt/abka03/xlvlm_data/coco_cc0_plus/val/motorcycle/139099.jpg,What object is in this image?,"mouse, motorcycle, bird, oven",motorcycle
/mnt/abka03/xlvlm_data/coco_cc0_plus/val/motorcycle/480985.jpg,What object is in this image?,"sheep, truck, tie, motorcycle",motorcycle
/mnt/abka03/xlvlm_data/coco_cc0_plus/val/motorcycle/455716.jpg,What object is in this image?,"motorcycle, backpack, firehydrant, tennisracket",motorcycle
/mnt/abka03/xlvlm_data/coco_cc0_plus/val/motorcycle/336232.jpg,What object is in this image?,"car, orange, bicycle, motorcycle",motorcycle
/mnt/abka03/xlvlm_data/coco_cc0_plus/val/motorcycle/18737.jpg,What object is in this image?,"skis, kite, motorcycle, baseballglove",motorcycle
/mnt/abka03/xlvlm_data/coco_cc0_plus/val/motorcycle/102411.jpg,What object is in this image?,"truck, motorcycle, bowl, boat",motorcycle
/mnt/abka03/xlvlm_data/coco_cc0_plus/val/motorcycle/498709.jpg,What object is in this image?,"motorcycle, hotdog, tv, elephant",motorcycle
/mnt/abka03/xlvlm_data/coco_cc0_plus/val/motorcycle/114770.jpg,What object is in this image?,"vase, oven, motorcycle, giraffe",motorcycle
/mnt/abka03/xlvlm_data/coco_cc0_plus/val/teddy_bear/109827.jpg,What object is in this image?,"sandwich, pizza, teddybear, bird",teddybear
/mnt/abka03/xlvlm_data/coco_cc0_plus/val/teddy_bear/205542.jpg,What object is in this image?,"teddybear, orange, handbag, remote",teddybear
/mnt/abka03/xlvlm_data/coco_cc0_plus/val/teddy_bear/310980.jpg,What object is in this image?,"boat, teddybear, skateboard, carrot",teddybear
/mnt/abka03/xlvlm_data/coco_cc0_plus/val/teddy_bear/207306.jpg,What object is in this image?,"skateboard, laptop, teddybear, hotdog",teddybear
/mnt/abka03/xlvlm_data/coco_cc0_plus/val/person/206411.jpg,What object is in this image?,"vase, cat, person, cellphone",person
/mnt/abka03/xlvlm_data/coco_cc0_plus/val/person/97337.jpg,What object is in this image?,"orange, tv, person, teddybear",person
/mnt/abka03/xlvlm_data/coco_cc0_plus/val/person/492110.jpg,What object is in this image?,"diningtable, person, bicycle, wineglass",person
/mnt/abka03/xlvlm_data/coco_cc0_plus/val/person/551439.jpg,What object is in this image?,"person, orange, tv, laptop",person
/mnt/abka03/xlvlm_data/coco_cc0_plus/val/person/559160.jpg,What object is in this image?,"person, zebra, suitcase, bear",person
/mnt/abka03/xlvlm_data/coco_cc0_plus/val/person/443969.jpg,What object is in this image?,"cup, bench, laptop, person",person
/mnt/abka03/xlvlm_data/coco_cc0_plus/val/person/427077.jpg,What object is in this image?,"keyboard, person, couch, truck",person
/mnt/abka03/xlvlm_data/coco_cc0_plus/val/person/417285.jpg,What object is in this image?,"person, cellphone, bowl, wineglass",person
/mnt/abka03/xlvlm_data/coco_cc0_plus/val/person/144932.jpg,What object is in this image?,"bird, person, parkingmeter, suitcase",person
/mnt/abka03/xlvlm_data/coco_cc0_plus/val/person/136715.jpg,What object is in this image?,"bus, tv, person, elephant",person
/mnt/abka03/xlvlm_data/coco_cc0_plus/val/person/504389.jpg,What object is in this image?,"person, banana, cat, bench",person
/mnt/abka03/xlvlm_data/coco_cc0_plus/val/person/362520.jpg,What object is in this image?,"trafficlight, person, airplane, pizza",person
/mnt/abka03/xlvlm_data/coco_cc0_plus/val/person/428111.jpg,What object is in this image?,"remote, pottedplant, skis, person",person
/mnt/abka03/xlvlm_data/coco_cc0_plus/val/person/47112.jpg,What object is in this image?,"person, bed, cup, vase",person
/mnt/abka03/xlvlm_data/coco_cc0_plus/val/person/303653.jpg,What object is in this image?,"skis, laptop, person, bench",person
/mnt/abka03/xlvlm_data/coco_cc0_plus/val/person/208423.jpg,What object is in this image?,"person, apple, elephant, wineglass",person
/mnt/abka03/xlvlm_data/coco_cc0_plus/val/person/29187.jpg,What object is in this image?,"wineglass, cow, car, person",person
/mnt/abka03/xlvlm_data/coco_cc0_plus/val/person/319534.jpg,What object is in this image?,"clock, book, person, skis",person
/mnt/abka03/xlvlm_data/coco_cc0_plus/val/person/561223.jpg,What object is in this image?,"baseballbat, fork, person, motorcycle",person
/mnt/abka03/xlvlm_data/coco_cc0_plus/val/person/396863.jpg,What object is in this image?,"person, couch, wineglass, firehydrant",person
/mnt/abka03/xlvlm_data/coco_cc0_plus/val/person/169996.jpg,What object is in this image?,"sandwich, person, kite, suitcase",person
/mnt/abka03/xlvlm_data/coco_cc0_plus/val/person/4134.jpg,What object is in this image?,"surfboard, baseballbat, person, train",person
/mnt/abka03/xlvlm_data/coco_cc0_plus/val/person/492077.jpg,What object is in this image?,"cellphone, dog, horse, person",person
/mnt/abka03/xlvlm_data/coco_cc0_plus/val/person/230993.jpg,What object is in this image?,"person, skis, tv, sportsball",person
/mnt/abka03/xlvlm_data/coco_cc0_plus/val/person/102411.jpg,What object is in this image?,"baseballbat, kite, person, bear",person
/mnt/abka03/xlvlm_data/coco_cc0_plus/val/person/129062.jpg,What object is in this image?,"person, refrigerator, apple, trafficlight",person
/mnt/abka03/xlvlm_data/coco_cc0_plus/val/person/153669.jpg,What object is in this image?,"surfboard, remote, person, bus",person
/mnt/abka03/xlvlm_data/coco_cc0_plus/val/person/162858.jpg,What object is in this image?,"boat, person, tie, bird",person
/mnt/abka03/xlvlm_data/coco_cc0_plus/val/person/389197.jpg,What object is in this image?,"refrigerator, person, hotdog, cat",person
/mnt/abka03/xlvlm_data/coco_cc0_plus/val/person/419408.jpg,What object is in this image?,"tennisracket, person, book, zebra",person
/mnt/abka03/xlvlm_data/coco_cc0_plus/val/knife/335954.jpg,What object is in this image?,"refrigerator, fork, carrot, knife",knife
/mnt/abka03/xlvlm_data/coco_cc0_plus/val/knife/338905.jpg,What object is in this image?,"hotdog, tv, knife, backpack",knife
/mnt/abka03/xlvlm_data/coco_cc0_plus/val/knife/47112.jpg,What object is in this image?,"knife, train, oven, banana",knife
/mnt/abka03/xlvlm_data/coco_cc0_plus/val/knife/568195.jpg,What object is in this image?,"giraffe, bicycle, person, knife",knife
/mnt/abka03/xlvlm_data/coco_cc0_plus/val/knife/468925.jpg,What object is in this image?,"knife, oven, skateboard, truck",knife
/mnt/abka03/xlvlm_data/coco_cc0_plus/val/knife/181796.jpg,What object is in this image?,"oven, broccoli, knife, umbrella",knife
/mnt/abka03/xlvlm_data/coco_cc0_plus/val/knife/320664.jpg,What object is in this image?,"mouse, skateboard, handbag, knife",knife
/mnt/abka03/xlvlm_data/coco_cc0_plus/val/knife/2431.jpg,What object is in this image?,"pizza, knife, mouse, bear",knife
/mnt/abka03/xlvlm_data/coco_cc0_plus/val/knife/437898.jpg,What object is in this image?,"tennisracket, firehydrant, knife, dog",knife
/mnt/abka03/xlvlm_data/coco_cc0_plus/val/knife/9914.jpg,What object is in this image?,"dog, bowl, cow, knife",knife
/mnt/abka03/xlvlm_data/coco_cc0_plus/val/knife/48396.jpg,What object is in this image?,"trafficlight, teddybear, suitcase, knife",knife
/mnt/abka03/xlvlm_data/coco_cc0_plus/val/knife/163611.jpg,What object is in this image?,"knife, skis, diningtable, kite",knife
/mnt/abka03/xlvlm_data/coco_cc0_plus/val/knife/530146.jpg,What object is in this image?,"stopsign, bed, oven, knife",knife
/mnt/abka03/xlvlm_data/coco_cc0_plus/val/knife/485844.jpg,What object is in this image?,"bird, knife, book, surfboard",knife
/mnt/abka03/xlvlm_data/coco_cc0_plus/val/knife/171190.jpg,What object is in this image?,"airplane, knife, cellphone, boat",knife
/mnt/abka03/xlvlm_data/coco_cc0_plus/val/cake/417285.jpg,What object is in this image?,"knife, horse, book, cake",cake
/mnt/abka03/xlvlm_data/coco_cc0_plus/val/cake/313034.jpg,What object is in this image?,"fork, teddybear, cake, skateboard",cake
/mnt/abka03/xlvlm_data/coco_cc0_plus/val/cake/180878.jpg,What object is in this image?,"baseballbat, tv, baseballglove, cake",cake
/mnt/abka03/xlvlm_data/coco_cc0_plus/val/cake/568195.jpg,What object is in this image?,"cake, bus, giraffe, vase",cake
/mnt/abka03/xlvlm_data/coco_cc0_plus/val/cake/488673.jpg,What object is in this image?,"cake, vase, apple, tie",cake
/mnt/abka03/xlvlm_data/coco_cc0_plus/val/cake/150417.jpg,What object is in this image?,"pizza, chair, parkingmeter, cake",cake
/mnt/abka03/xlvlm_data/coco_cc0_plus/val/cake/48396.jpg,What object is in this image?,"bus, diningtable, cake, bicycle",cake
/mnt/abka03/xlvlm_data/coco_cc0_plus/val/cake/556873.jpg,What object is in this image?,"apple, airplane, cake, book",cake
/mnt/abka03/xlvlm_data/coco_cc0_plus/val/cake/206579.jpg,What object is in this image?,"backpack, boat, book, cake",cake
/mnt/abka03/xlvlm_data/coco_cc0_plus/val/traffic_light/200162.jpg,What object is in this image?,"toilet, cellphone, trafficlight, car",trafficlight
/mnt/abka03/xlvlm_data/coco_cc0_plus/val/traffic_light/255917.jpg,What object is in this image?,"boat, trafficlight, parkingmeter, bear",trafficlight
/mnt/abka03/xlvlm_data/coco_cc0_plus/val/traffic_light/538458.jpg,What object is in this image?,"wineglass, person, oven, trafficlight",trafficlight
/mnt/abka03/xlvlm_data/coco_cc0_plus/val/traffic_light/396200.jpg,What object is in this image?,"diningtable, boat, wineglass, trafficlight",trafficlight
/mnt/abka03/xlvlm_data/coco_cc0_plus/val/traffic_light/155443.jpg,What object is in this image?,"cellphone, trafficlight, chair, sheep",trafficlight
/mnt/abka03/xlvlm_data/coco_cc0_plus/val/traffic_light/133819.jpg,What object is in this image?,"bowl, trafficlight, cat, cup",trafficlight
/mnt/abka03/xlvlm_data/coco_cc0_plus/val/traffic_light/572555.jpg,What object is in this image?,"trafficlight, cup, skateboard, backpack",trafficlight
/mnt/abka03/xlvlm_data/coco_cc0_plus/val/traffic_light/315450.jpg,What object is in this image?,"parkingmeter, diningtable, cow, trafficlight",trafficlight
/mnt/abka03/xlvlm_data/coco_cc0_plus/val/traffic_light/418696.jpg,What object is in this image?,"horse, baseballglove, trafficlight, diningtable",trafficlight
/mnt/abka03/xlvlm_data/coco_cc0_plus/val/traffic_light/169996.jpg,What object is in this image?,"dog, trafficlight, refrigerator, spoon",trafficlight
/mnt/abka03/xlvlm_data/coco_cc0_plus/val/traffic_light/212573.jpg,What object is in this image?,"baseballbat, sportsball, diningtable, trafficlight",trafficlight
/mnt/abka03/xlvlm_data/coco_cc0_plus/val/traffic_light/492077.jpg,What object is in this image?,"trafficlight, clock, book, keyboard",trafficlight
/mnt/abka03/xlvlm_data/coco_cc0_plus/val/traffic_light/71877.jpg,What object is in this image?,"laptop, elephant, trafficlight, stopsign",trafficlight
/mnt/abka03/xlvlm_data/coco_cc0_plus/val/traffic_light/162858.jpg,What object is in this image?,"baseballglove, sandwich, sink, trafficlight",trafficlight
/mnt/abka03/xlvlm_data/coco_cc0_plus/val/traffic_light/174482.jpg,What object is in this image?,"banana, vase, trafficlight, stopsign",trafficlight
/mnt/abka03/xlvlm_data/coco_cc0_plus/val/fire_hydrant/88848.jpg,What object is in this image?,"bird, firehydrant, kite, wineglass",firehydrant
/mnt/abka03/xlvlm_data/coco_cc0_plus/val/fire_hydrant/150265.jpg,What object is in this image?,"car, refrigerator, person, firehydrant",firehydrant
/mnt/abka03/xlvlm_data/coco_cc0_plus/val/fire_hydrant/441468.jpg,What object is in this image?,"keyboard, laptop, firehydrant, remote",firehydrant
/mnt/abka03/xlvlm_data/coco_cc0_plus/val/fire_hydrant/427500.jpg,What object is in this image?,"pizza, teddybear, horse, firehydrant",firehydrant
/mnt/abka03/xlvlm_data/coco_cc0_plus/val/backpack/445722.jpg,What object is in this image?,"baseballbat, fork, backpack, broccoli",backpack
/mnt/abka03/xlvlm_data/coco_cc0_plus/val/backpack/388846.jpg,What object is in this image?,"car, backpack, bowl, kite",backpack
/mnt/abka03/xlvlm_data/coco_cc0_plus/val/backpack/428111.jpg,What object is in this image?,"kite, sportsball, backpack, hotdog",backpack
/mnt/abka03/xlvlm_data/coco_cc0_plus/val/backpack/153529.jpg,What object is in this image?,"elephant, skis, backpack, bird",backpack
/mnt/abka03/xlvlm_data/coco_cc0_plus/val/backpack/88848.jpg,What object is in this image?,"laptop, backpack, surfboard, firehydrant",backpack
/mnt/abka03/xlvlm_data/coco_cc0_plus/val/backpack/139099.jpg,What object is in this image?,"bus, dog, tv, backpack",backpack
/mnt/abka03/xlvlm_data/coco_cc0_plus/val/backpack/455716.jpg,What object is in this image?,"remote, zebra, sheep, backpack",backpack
/mnt/abka03/xlvlm_data/coco_cc0_plus/val/backpack/114049.jpg,What object is in this image?,"horse, mouse, backpack, donut",backpack
/mnt/abka03/xlvlm_data/coco_cc0_plus/val/backpack/230993.jpg,What object is in this image?,"laptop, trafficlight, skateboard, backpack",backpack
/mnt/abka03/xlvlm_data/coco_cc0_plus/val/backpack/143961.jpg,What object is in this image?,"handbag, backpack, cake, mouse",backpack
/mnt/abka03/xlvlm_data/coco_cc0_plus/val/backpack/466125.jpg,What object is in this image?,"backpack, train, baseballglove, book",backpack
/mnt/abka03/xlvlm_data/coco_cc0_plus/val/broccoli/84241.jpg,What object is in this image?,"broccoli, parkingmeter, vase, sheep",broccoli
/mnt/abka03/xlvlm_data/coco_cc0_plus/val/broccoli/34257.jpg,What object is in this image?,"wineglass, giraffe, broccoli, fork",broccoli
/mnt/abka03/xlvlm_data/coco_cc0_plus/val/sports_ball/240023.jpg,What object is in this image?,"vase, oven, trafficlight, sportsball",sportsball
/mnt/abka03/xlvlm_data/coco_cc0_plus/val/sports_ball/153797.jpg,What object is in this image?,"sportsball, vase, knife, parkingmeter",sportsball
/mnt/abka03/xlvlm_data/coco_cc0_plus/val/sports_ball/396200.jpg,What object is in this image?,"vase, tv, sportsball, cup",sportsball
/mnt/abka03/xlvlm_data/coco_cc0_plus/val/sports_ball/382030.jpg,What object is in this image?,"bird, sportsball, knife, teddybear",sportsball
/mnt/abka03/xlvlm_data/coco_cc0_plus/val/sports_ball/493905.jpg,What object is in this image?,"sportsball, cow, fork, bicycle",sportsball
/mnt/abka03/xlvlm_data/coco_cc0_plus/val/sports_ball/187055.jpg,What object is in this image?,"pottedplant, bench, sportsball, pizza",sportsball
/mnt/abka03/xlvlm_data/coco_cc0_plus/val/sports_ball/567640.jpg,What object is in this image?,"dog, bear, sportsball, bowl",sportsball
/mnt/abka03/xlvlm_data/coco_cc0_plus/val/sports_ball/79969.jpg,What object is in this image?,"mouse, sportsball, sandwich, umbrella",sportsball
/mnt/abka03/xlvlm_data/coco_cc0_plus/val/sports_ball/515579.jpg,What object is in this image?,"sportsball, airplane, motorcycle, dog",sportsball
/mnt/abka03/xlvlm_data/coco_cc0_plus/val/wine_glass/313454.jpg,What object is in this image?,"dog, wineglass, giraffe, teddybear",wineglass
/mnt/abka03/xlvlm_data/coco_cc0_plus/val/wine_glass/338905.jpg,What object is in this image?,"tie, pizza, cow, wineglass",wineglass
/mnt/abka03/xlvlm_data/coco_cc0_plus/val/wine_glass/47112.jpg,What object is in this image?,"bear, wineglass, clock, cow",wineglass
/mnt/abka03/xlvlm_data/coco_cc0_plus/val/wine_glass/181796.jpg,What object is in this image?,"fork, wineglass, mouse, couch",wineglass
/mnt/abka03/xlvlm_data/coco_cc0_plus/val/wine_glass/2431.jpg,What object is in this image?,"tennisracket, wineglass, baseballbat, tv",wineglass
/mnt/abka03/xlvlm_data/coco_cc0_plus/val/wine_glass/488673.jpg,What object is in this image?,"keyboard, bottle, trafficlight, wineglass",wineglass
/mnt/abka03/xlvlm_data/coco_cc0_plus/val/wine_glass/4134.jpg,What object is in this image?,"wineglass, bicycle, horse, airplane",wineglass
/mnt/abka03/xlvlm_data/coco_cc0_plus/val/wine_glass/519569.jpg,What object is in this image?,"banana, couch, wineglass, cake",wineglass
/mnt/abka03/xlvlm_data/coco_cc0_plus/val/wine_glass/171190.jpg,What object is in this image?,"spoon, mouse, wineglass, stopsign",wineglass
/mnt/abka03/xlvlm_data/coco_cc0_plus/val/dog/318908.jpg,What object is in this image?,"dog, pizza, refrigerator, firehydrant",dog
/mnt/abka03/xlvlm_data/coco_cc0_plus/val/dog/151962.jpg,What object is in this image?,"horse, dog, bench, pizza",dog
/mnt/abka03/xlvlm_data/coco_cc0_plus/val/dog/139099.jpg,What object is in this image?,"stopsign, dog, spoon, apple",dog
/mnt/abka03/xlvlm_data/coco_cc0_plus/val/dog/297830.jpg,What object is in this image?,"cake, dog, tie, firehydrant",dog
/mnt/abka03/xlvlm_data/coco_cc0_plus/val/dog/305343.jpg,What object is in this image?,"parkingmeter, baseballbat, kite, dog",dog
/mnt/abka03/xlvlm_data/coco_cc0_plus/val/dog/364636.jpg,What object is in this image?,"apple, tie, dog, keyboard",dog
/mnt/abka03/xlvlm_data/coco_cc0_plus/val/dog/236592.jpg,What object is in this image?,"pottedplant, dog, fork, skateboard",dog
/mnt/abka03/xlvlm_data/coco_cc0_plus/val/dog/169076.jpg,What object is in this image?,"zebra, dog, pizza, tv",dog
/mnt/abka03/xlvlm_data/coco_cc0_plus/val/dog/78565.jpg,What object is in this image?,"dog, zebra, diningtable, clock",dog
/mnt/abka03/xlvlm_data/coco_cc0_plus/val/dog/143961.jpg,What object is in this image?,"chair, skateboard, dog, pizza",dog
/mnt/abka03/xlvlm_data/coco_cc0_plus/val/dog/560880.jpg,What object is in this image?,"knife, clock, boat, dog",dog
/mnt/abka03/xlvlm_data/coco_cc0_plus/val/dog/57760.jpg,What object is in this image?,"suitcase, bottle, chair, dog",dog
/mnt/abka03/xlvlm_data/coco_cc0_plus/val/surfboard/540932.jpg,What object is in this image?,"baseballbat, handbag, surfboard, backpack",surfboard
/mnt/abka03/xlvlm_data/coco_cc0_plus/val/surfboard/25228.jpg,What object is in this image?,"bench, surfboard, donut, book",surfboard
/mnt/abka03/xlvlm_data/coco_cc0_plus/val/surfboard/51314.jpg,What object is in this image?,"umbrella, dog, surfboard, sheep",surfboard
/mnt/abka03/xlvlm_data/coco_cc0_plus/val/surfboard/535858.jpg,What object is in this image?,"elephant, surfboard, sandwich, bear",surfboard
/mnt/abka03/xlvlm_data/coco_cc0_plus/val/surfboard/561223.jpg,What object is in this image?,"surfboard, kite, skateboard, handbag",surfboard
/mnt/abka03/xlvlm_data/coco_cc0_plus/val/surfboard/51976.jpg,What object is in this image?,"vase, airplane, stopsign, surfboard",surfboard
/mnt/abka03/xlvlm_data/coco_cc0_plus/val/surfboard/389197.jpg,What object is in this image?,"handbag, surfboard, cellphone, banana",surfboard
/mnt/abka03/xlvlm_data/coco_cc0_plus/val/oven/437898.jpg,What object is in this image?,"dog, laptop, oven, truck",oven
/mnt/abka03/xlvlm_data/coco_cc0_plus/val/oven/84241.jpg,What object is in this image?,"vase, train, broccoli, oven",oven
/mnt/abka03/xlvlm_data/coco_cc0_plus/val/oven/236592.jpg,What object is in this image?,"mouse, car, oven, chair",oven
/mnt/abka03/xlvlm_data/coco_cc0_plus/val/oven/46463.jpg,What object is in this image?,"vase, car, backpack, oven",oven
/mnt/abka03/xlvlm_data/coco_cc0_plus/val/oven/158660.jpg,What object is in this image?,"sandwich, motorcycle, cake, oven",oven
/mnt/abka03/xlvlm_data/coco_cc0_plus/val/oven/519569.jpg,What object is in this image?,"oven, remote, fork, motorcycle",oven
/mnt/abka03/xlvlm_data/coco_cc0_plus/val/oven/485844.jpg,What object is in this image?,"oven, giraffe, sandwich, truck",oven
/mnt/abka03/xlvlm_data/coco_cc0_plus/val/oven/802.jpg,What object is in this image?,"kite, apple, sportsball, oven",oven
/mnt/abka03/xlvlm_data/coco_cc0_plus/val/bed/551439.jpg,What object is in this image?,"hotdog, bed, remote, giraffe",bed
/mnt/abka03/xlvlm_data/coco_cc0_plus/val/bed/169076.jpg,What object is in this image?,"bed, giraffe, keyboard, tie",bed
/mnt/abka03/xlvlm_data/coco_cc0_plus/val/bed/422670.jpg,What object is in this image?,"surfboard, bed, tv, knife",bed
/mnt/abka03/xlvlm_data/coco_cc0_plus/val/dining_table/97337.jpg,What object is in this image?,"airplane, diningtable, broccoli, cake",diningtable
/mnt/abka03/xlvlm_data/coco_cc0_plus/val/dining_table/492110.jpg,What object is in this image?,"tennisracket, diningtable, parkingmeter, fork",diningtable
/mnt/abka03/xlvlm_data/coco_cc0_plus/val/dining_table/338905.jpg,What object is in this image?,"baseballglove, broccoli, diningtable, person",diningtable
/mnt/abka03/xlvlm_data/coco_cc0_plus/val/dining_table/47112.jpg,What object is in this image?,"tv, kite, diningtable, cup",diningtable
/mnt/abka03/xlvlm_data/coco_cc0_plus/val/dining_table/568195.jpg,What object is in this image?,"train, diningtable, cow, dog",diningtable
/mnt/abka03/xlvlm_data/coco_cc0_plus/val/dining_table/218249.jpg,What object is in this image?,"truck, boat, apple, diningtable",diningtable
/mnt/abka03/xlvlm_data/coco_cc0_plus/val/dining_table/382030.jpg,What object is in this image?,"oven, diningtable, laptop, bowl",diningtable
/mnt/abka03/xlvlm_data/coco_cc0_plus/val/dining_table/181796.jpg,What object is in this image?,"pottedplant, spoon, person, diningtable",diningtable
/mnt/abka03/xlvlm_data/coco_cc0_plus/val/dining_table/320664.jpg,What object is in this image?,"vase, stopsign, diningtable, bird",diningtable
/mnt/abka03/xlvlm_data/coco_cc0_plus/val/dining_table/457262.jpg,What object is in this image?,"orange, cellphone, handbag, diningtable",diningtable
/mnt/abka03/xlvlm_data/coco_cc0_plus/val/dining_table/2431.jpg,What object is in this image?,"bicycle, book, diningtable, baseballbat",diningtable
/mnt/abka03/xlvlm_data/coco_cc0_plus/val/dining_table/409424.jpg,What object is in this image?,"cup, wineglass, zebra, diningtable",diningtable
/mnt/abka03/xlvlm_data/coco_cc0_plus/val/dining_table/84241.jpg,What object is in this image?,"skateboard, sportsball, mouse, diningtable",diningtable
/mnt/abka03/xlvlm_data/coco_cc0_plus/val/dining_table/4134.jpg,What object is in this image?,"horse, bottle, diningtable, giraffe",diningtable
/mnt/abka03/xlvlm_data/coco_cc0_plus/val/dining_table/150417.jpg,What object is in this image?,"person, umbrella, horse, diningtable",diningtable
/mnt/abka03/xlvlm_data/coco_cc0_plus/val/dining_table/251537.jpg,What object is in this image?,"sheep, fork, couch, diningtable",diningtable
/mnt/abka03/xlvlm_data/coco_cc0_plus/val/dining_table/9914.jpg,What object is in this image?,"cat, baseballglove, bowl, diningtable",diningtable
/mnt/abka03/xlvlm_data/coco_cc0_plus/val/dining_table/129062.jpg,What object is in this image?,"fork, dog, cup, diningtable",diningtable
/mnt/abka03/xlvlm_data/coco_cc0_plus/val/dining_table/48396.jpg,What object is in this image?,"surfboard, cat, diningtable, motorcycle",diningtable
/mnt/abka03/xlvlm_data/coco_cc0_plus/val/dining_table/163611.jpg,What object is in this image?,"dog, diningtable, knife, firehydrant",diningtable
/mnt/abka03/xlvlm_data/coco_cc0_plus/val/dining_table/466125.jpg,What object is in this image?,"carrot, bed, bus, diningtable",diningtable
/mnt/abka03/xlvlm_data/coco_cc0_plus/val/dining_table/530146.jpg,What object is in this image?,"diningtable, carrot, spoon, broccoli",diningtable
/mnt/abka03/xlvlm_data/coco_cc0_plus/val/dining_table/229659.jpg,What object is in this image?,"cellphone, airplane, diningtable, bench",diningtable
/mnt/abka03/xlvlm_data/coco_cc0_plus/val/dining_table/485844.jpg,What object is in this image?,"knife, diningtable, tv, tie",diningtable
/mnt/abka03/xlvlm_data/coco_cc0_plus/val/dining_table/171190.jpg,What object is in this image?,"diningtable, car, stopsign, cow",diningtable
/mnt/abka03/xlvlm_data/coco_cc0_plus/val/dining_table/206579.jpg,What object is in this image?,"baseballglove, bicycle, diningtable, sandwich",diningtable
/mnt/abka03/xlvlm_data/coco_cc0_plus/val/dining_table/376307.jpg,What object is in this image?,"diningtable, airplane, cake, bicycle",diningtable
/mnt/abka03/xlvlm_data/coco_cc0_plus/val/banana/466835.jpg,What object is in this image?,"banana, cellphone, stopsign, bed",banana
/mnt/abka03/xlvlm_data/coco_cc0_plus/val/banana/139099.jpg,What object is in this image?,"bowl, cow, banana, zebra",banana
/mnt/abka03/xlvlm_data/coco_cc0_plus/val/banana/468925.jpg,What object is in this image?,"umbrella, handbag, person, banana",banana
/mnt/abka03/xlvlm_data/coco_cc0_plus/val/banana/457262.jpg,What object is in this image?,"banana, truck, hotdog, handbag",banana
/mnt/abka03/xlvlm_data/coco_cc0_plus/val/banana/58705.jpg,What object is in this image?,"oven, boat, cellphone, banana",banana
/mnt/abka03/xlvlm_data/coco_cc0_plus/val/banana/158660.jpg,What object is in this image?,"chair, apple, banana, boat",banana
/mnt/abka03/xlvlm_data/coco_cc0_plus/val/banana/376307.jpg,What object is in this image?,"banana, surfboard, laptop, bus",banana
/mnt/abka03/xlvlm_data/coco_cc0_plus/val/boat/20571.jpg,What object is in this image?,"truck, boat, tv, person",boat
/mnt/abka03/xlvlm_data/coco_cc0_plus/val/boat/445722.jpg,What object is in this image?,"cellphone, boat, oven, parkingmeter",boat
/mnt/abka03/xlvlm_data/coco_cc0_plus/val/boat/144932.jpg,What object is in this image?,"fork, boat, pottedplant, dog",boat
/mnt/abka03/xlvlm_data/coco_cc0_plus/val/boat/88848.jpg,What object is in this image?,"sandwich, bus, boat, skis",boat
/mnt/abka03/xlvlm_data/coco_cc0_plus/val/boat/78565.jpg,What object is in this image?,"umbrella, bowl, boat, stopsign",boat
/mnt/abka03/xlvlm_data/coco_cc0_plus/val/boat/502168.jpg,What object is in this image?,"toilet, dog, cellphone, boat",boat
/mnt/abka03/xlvlm_data/coco_cc0_plus/val/laptop/492110.jpg,What object is in this image?,"giraffe, teddybear, dog, laptop",laptop
/mnt/abka03/xlvlm_data/coco_cc0_plus/val/laptop/541664.jpg,What object is in this image?,"laptop, book, baseballglove, banana",laptop
/mnt/abka03/xlvlm_data/coco_cc0_plus/val/laptop/497344.jpg,What object is in this image?,"sportsball, backpack, laptop, train",laptop
/mnt/abka03/xlvlm_data/coco_cc0_plus/val/laptop/415716.jpg,What object is in this image?,"laptop, chair, teddybear, apple",laptop
/mnt/abka03/xlvlm_data/coco_cc0_plus/val/laptop/37740.jpg,What object is in this image?,"bottle, tennisracket, laptop, firehydrant",laptop
/mnt/abka03/xlvlm_data/coco_cc0_plus/val/laptop/310980.jpg,What object is in this image?,"laptop, bear, donut, fork",laptop
/mnt/abka03/xlvlm_data/coco_cc0_plus/val/laptop/466125.jpg,What object is in this image?,"laptop, dog, trafficlight, carrot",laptop
/mnt/abka03/xlvlm_data/coco_cc0_plus/val/laptop/316015.jpg,What object is in this image?,"pizza, skateboard, pottedplant, laptop",laptop
/mnt/abka03/xlvlm_data/coco_cc0_plus/val/laptop/229659.jpg,What object is in this image?,"chair, hotdog, truck, laptop",laptop
/mnt/abka03/xlvlm_data/coco_cc0_plus/val/umbrella/338905.jpg,What object is in this image?,"bottle, bed, mouse, umbrella",umbrella
/mnt/abka03/xlvlm_data/coco_cc0_plus/val/umbrella/443969.jpg,What object is in this image?,"tennisracket, umbrella, broccoli, baseballbat",umbrella
/mnt/abka03/xlvlm_data/coco_cc0_plus/val/umbrella/388846.jpg,What object is in this image?,"bear, umbrella, remote, trafficlight",umbrella
/mnt/abka03/xlvlm_data/coco_cc0_plus/val/umbrella/139099.jpg,What object is in this image?,"orange, cellphone, umbrella, pottedplant",umbrella
/mnt/abka03/xlvlm_data/coco_cc0_plus/val/umbrella/382030.jpg,What object is in this image?,"bottle, umbrella, hotdog, pizza",umbrella
/mnt/abka03/xlvlm_data/coco_cc0_plus/val/umbrella/395388.jpg,What object is in this image?,"umbrella, oven, bird, parkingmeter",umbrella
/mnt/abka03/xlvlm_data/coco_cc0_plus/val/umbrella/212573.jpg,What object is in this image?,"boat, umbrella, cup, elephant",umbrella
/mnt/abka03/xlvlm_data/coco_cc0_plus/val/umbrella/230993.jpg,What object is in this image?,"bird, umbrella, person, refrigerator",umbrella
/mnt/abka03/xlvlm_data/coco_cc0_plus/val/umbrella/129062.jpg,What object is in this image?,"umbrella, toilet, truck, refrigerator",umbrella
/mnt/abka03/xlvlm_data/coco_cc0_plus/val/umbrella/143961.jpg,What object is in this image?,"mouse, keyboard, umbrella, bear",umbrella
/mnt/abka03/xlvlm_data/coco_cc0_plus/val/umbrella/466125.jpg,What object is in this image?,"umbrella, bicycle, zebra, truck",umbrella
/mnt/abka03/xlvlm_data/coco_cc0_plus/val/umbrella/540466.jpg,What object is in this image?,"bus, umbrella, laptop, giraffe",umbrella
/mnt/abka03/xlvlm_data/coco_cc0_plus/val/donut/466567.jpg,What object is in this image?,"remote, donut, cat, bowl",donut
/mnt/abka03/xlvlm_data/coco_cc0_plus/val/couch/97337.jpg,What object is in this image?,"trafficlight, couch, skateboard, surfboard",couch
/mnt/abka03/xlvlm_data/coco_cc0_plus/val/couch/532761.jpg,What object is in this image?,"suitcase, couch, baseballglove, wineglass",couch
/mnt/abka03/xlvlm_data/coco_cc0_plus/val/couch/415716.jpg,What object is in this image?,"skateboard, person, couch, horse",couch
/mnt/abka03/xlvlm_data/coco_cc0_plus/val/couch/37740.jpg,What object is in this image?,"knife, tie, baseballbat, couch",couch
/mnt/abka03/xlvlm_data/coco_cc0_plus/val/couch/568584.jpg,What object is in this image?,"couch, baseballglove, tv, surfboard",couch
/mnt/abka03/xlvlm_data/coco_cc0_plus/val/couch/579970.jpg,What object is in this image?,"clock, tennisracket, couch, dog",couch
/mnt/abka03/xlvlm_data/coco_cc0_plus/val/couch/357978.jpg,What object is in this image?,"oven, handbag, clock, couch",couch
/mnt/abka03/xlvlm_data/coco_cc0_plus/val/bench/325031.jpg,What object is in this image?,"bench, trafficlight, truck, umbrella",bench
/mnt/abka03/xlvlm_data/coco_cc0_plus/val/bench/559160.jpg,What object is in this image?,"mouse, hotdog, bench, carrot",bench
/mnt/abka03/xlvlm_data/coco_cc0_plus/val/bench/320554.jpg,What object is in this image?,"car, bench, train, pottedplant",bench
/mnt/abka03/xlvlm_data/coco_cc0_plus/val/bench/350607.jpg,What object is in this image?,"broccoli, skis, bench, remote",bench
/mnt/abka03/xlvlm_data/coco_cc0_plus/val/bench/89697.jpg,What object is in this image?,"bottle, bench, parkingmeter, tie",bench
/mnt/abka03/xlvlm_data/coco_cc0_plus/val/bench/443844.jpg,What object is in this image?,"car, bench, cat, keyboard",bench
/mnt/abka03/xlvlm_data/coco_cc0_plus/val/bench/476704.jpg,What object is in this image?,"bench, truck, bottle, apple",bench
/mnt/abka03/xlvlm_data/coco_cc0_plus/val/bench/364636.jpg,What object is in this image?,"bench, backpack, teddybear, car",bench
/mnt/abka03/xlvlm_data/coco_cc0_plus/val/bench/548339.jpg,What object is in this image?,"backpack, bench, kite, vase",bench
/mnt/abka03/xlvlm_data/coco_cc0_plus/val/bench/153669.jpg,What object is in this image?,"fork, bench, sandwich, bus",bench
/mnt/abka03/xlvlm_data/coco_cc0_plus/val/bench/419408.jpg,What object is in this image?,"truck, book, bench, tv",bench
/mnt/abka03/xlvlm_data/coco_cc0_plus/val/bench/515579.jpg,What object is in this image?,"stopsign, bed, baseballbat, bench",bench
/mnt/abka03/xlvlm_data/coco_cc0_plus/val/sink/376310.jpg,What object is in this image?,"sink, clock, baseballbat, tv",sink
/mnt/abka03/xlvlm_data/coco_cc0_plus/val/sink/369503.jpg,What object is in this image?,"handbag, motorcycle, sink, vase",sink
/mnt/abka03/xlvlm_data/coco_cc0_plus/val/sink/62025.jpg,What object is in this image?,"donut, couch, boat, sink",sink
/mnt/abka03/xlvlm_data/coco_cc0_plus/val/sink/289992.jpg,What object is in this image?,"cow, motorcycle, elephant, sink",sink
/mnt/abka03/xlvlm_data/coco_cc0_plus/val/sink/437898.jpg,What object is in this image?,"motorcycle, bird, refrigerator, sink",sink
/mnt/abka03/xlvlm_data/coco_cc0_plus/val/sink/84241.jpg,What object is in this image?,"toilet, donut, sink, cow",sink
/mnt/abka03/xlvlm_data/coco_cc0_plus/val/sink/485844.jpg,What object is in this image?,"bird, sink, orange, airplane",sink
/mnt/abka03/xlvlm_data/coco_cc0_plus/val/apple/479596.jpg,What object is in this image?,"motorcycle, skateboard, apple, bottle",apple
/mnt/abka03/xlvlm_data/coco_cc0_plus/val/apple/139099.jpg,What object is in this image?,"apple, suitcase, zebra, bed",apple
/mnt/abka03/xlvlm_data/coco_cc0_plus/val/apple/217753.jpg,What object is in this image?,"laptop, apple, spoon, cup",apple
/mnt/abka03/xlvlm_data/coco_cc0_plus/val/apple/409424.jpg,What object is in this image?,"donut, broccoli, apple, cow",apple
/mnt/abka03/xlvlm_data/coco_cc0_plus/val/apple/6614.jpg,What object is in this image?,"apple, refrigerator, handbag, parkingmeter",apple
/mnt/abka03/xlvlm_data/coco_cc0_plus/val/apple/158660.jpg,What object is in this image?,"skateboard, laptop, apple, bear",apple
/mnt/abka03/xlvlm_data/coco_cc0_plus/val/apple/485844.jpg,What object is in this image?,"airplane, cow, bear, apple",apple
/mnt/abka03/xlvlm_data/coco_cc0_plus/val/apple/376307.jpg,What object is in this image?,"apple, parkingmeter, tv, suitcase",apple
